suite,case,status,elapsed_sec,log_path
ssb,q4.1,PASS,6.07,/Users/harbor/.codex/worktrees/4f87/NovaRocks/logs/baseline/20260622-231416-tpc-baseline/analyze-ssb.log
ssb,q4.2,PASS,4.84,/Users/harbor/.codex/worktrees/4f87/NovaRocks/logs/baseline/20260622-231416-tpc-baseline/analyze-ssb.log
ssb,q4.3,PASS,4.48,/Users/harbor/.codex/worktrees/4f87/NovaRocks/logs/baseline/20260622-231416-tpc-baseline/analyze-ssb.log
ssb,q3.2,PASS,4.43,/Users/harbor/.codex/worktrees/4f87/NovaRocks/logs/baseline/20260622-231416-tpc-baseline/analyze-ssb.log
ssb,q2.1,PASS,4.30,/Users/harbor/.codex/worktrees/4f87/NovaRocks/logs/baseline/20260622-231416-tpc-baseline/analyze-ssb.log
ssb,q3.3,PASS,4.28,/Users/harbor/.codex/worktrees/4f87/NovaRocks/logs/baseline/20260622-231416-tpc-baseline/analyze-ssb.log
ssb,q3.1,PASS,4.12,/Users/harbor/.codex/worktrees/4f87/NovaRocks/logs/baseline/20260622-231416-tpc-baseline/analyze-ssb.log
ssb,q3.4,PASS,3.83,/Users/harbor/.codex/worktrees/4f87/NovaRocks/logs/baseline/20260622-231416-tpc-baseline/analyze-ssb.log
ssb,q1.3,PASS,3.08,/Users/harbor/.codex/worktrees/4f87/NovaRocks/logs/baseline/20260622-231416-tpc-baseline/analyze-ssb.log
ssb,q2.3,PASS,2.97,/Users/harbor/.codex/worktrees/4f87/NovaRocks/logs/baseline/20260622-231416-tpc-baseline/analyze-ssb.log
ssb,q2.2,PASS,2.83,/Users/harbor/.codex/worktrees/4f87/NovaRocks/logs/baseline/20260622-231416-tpc-baseline/analyze-ssb.log
ssb,q1.2,PASS,2.67,/Users/harbor/.codex/worktrees/4f87/NovaRocks/logs/baseline/20260622-231416-tpc-baseline/analyze-ssb.log
ssb,q1.1,PASS,2.41,/Users/harbor/.codex/worktrees/4f87/NovaRocks/logs/baseline/20260622-231416-tpc-baseline/analyze-ssb.log
tpc-ds,q14,PASS,39.85,/Users/harbor/.codex/worktrees/4f87/NovaRocks/logs/baseline/20260622-231416-tpc-baseline/analyze-tpc-ds.log
tpc-ds,q23,PASS,32.14,/Users/harbor/.codex/worktrees/4f87/NovaRocks/logs/baseline/20260622-231416-tpc-baseline/analyze-tpc-ds.log
tpc-ds,q64,PASS,31.64,/Users/harbor/.codex/worktrees/4f87/NovaRocks/logs/baseline/20260622-231416-tpc-baseline/analyze-tpc-ds.log
tpc-ds,q88,PASS,22.14,/Users/harbor/.codex/worktrees/4f87/NovaRocks/logs/baseline/20260622-231416-tpc-baseline/analyze-tpc-ds.log
tpc-ds,q9,PASS,20.82,/Users/harbor/.codex/worktrees/4f87/NovaRocks/logs/baseline/20260622-231416-tpc-baseline/analyze-tpc-ds.log
tpc-ds,q28,PASS,19.67,/Users/harbor/.codex/worktrees/4f87/NovaRocks/logs/baseline/20260622-231416-tpc-baseline/analyze-tpc-ds.log
tpc-ds,q51,PASS,16.17,/Users/harbor/.codex/worktrees/4f87/NovaRocks/logs/baseline/20260622-231416-tpc-baseline/analyze-tpc-ds.log
tpc-ds,q20,PASS,14.51,/Users/harbor/.codex/worktrees/4f87/NovaRocks/logs/baseline/20260622-231416-tpc-baseline/analyze-tpc-ds.log
tpc-ds,q98,PASS,14.05,/Users/harbor/.codex/worktrees/4f87/NovaRocks/logs/baseline/20260622-231416-tpc-baseline/analyze-tpc-ds.log
tpc-ds,q70,PASS,13.80,/Users/harbor/.codex/worktrees/4f87/NovaRocks/logs/baseline/20260622-231416-tpc-baseline/analyze-tpc-ds.log
tpc-ds,q75,PASS,13.39,/Users/harbor/.codex/worktrees/4f87/NovaRocks/logs/baseline/20260622-231416-tpc-baseline/analyze-tpc-ds.log
tpc-ds,q57,PASS,12.77,/Users/harbor/.codex/worktrees/4f87/NovaRocks/logs/baseline/20260622-231416-tpc-baseline/analyze-tpc-ds.log
tpc-ds,q63,PASS,12.63,/Users/harbor/.codex/worktrees/4f87/NovaRocks/logs/baseline/20260622-231416-tpc-baseline/analyze-tpc-ds.log
tpc-ds,q89,PASS,12.53,/Users/harbor/.codex/worktrees/4f87/NovaRocks/logs/baseline/20260622-231416-tpc-baseline/analyze-tpc-ds.log
tpc-ds,q47,PASS,12.39,/Users/harbor/.codex/worktrees/4f87/NovaRocks/logs/baseline/20260622-231416-tpc-baseline/analyze-tpc-ds.log
tpc-ds,q53,PASS,12.25,/Users/harbor/.codex/worktrees/4f87/NovaRocks/logs/baseline/20260622-231416-tpc-baseline/analyze-tpc-ds.log
tpc-ds,q78,PASS,11.66,/Users/harbor/.codex/worktrees/4f87/NovaRocks/logs/baseline/20260622-231416-tpc-baseline/analyze-tpc-ds.log
tpc-ds,q24,PASS,10.65,/Users/harbor/.codex/worktrees/4f87/NovaRocks/logs/baseline/20260622-231416-tpc-baseline/analyze-tpc-ds.log
tpc-ds,q29,PASS,10.22,/Users/harbor/.codex/worktrees/4f87/NovaRocks/logs/baseline/20260622-231416-tpc-baseline/analyze-tpc-ds.log
tpc-ds,q17,PASS,10.20,/Users/harbor/.codex/worktrees/4f87/NovaRocks/logs/baseline/20260622-231416-tpc-baseline/analyze-tpc-ds.log
tpc-ds,q80,PASS,10.05,/Users/harbor/.codex/worktrees/4f87/NovaRocks/logs/baseline/20260622-231416-tpc-baseline/analyze-tpc-ds.log
tpc-ds,q4,PASS,9.15,/Users/harbor/.codex/worktrees/4f87/NovaRocks/logs/baseline/20260622-231416-tpc-baseline/analyze-tpc-ds.log
tpc-ds,q25,PASS,8.68,/Users/harbor/.codex/worktrees/4f87/NovaRocks/logs/baseline/20260622-231416-tpc-baseline/analyze-tpc-ds.log
tpc-ds,q44,PASS,8.32,/Users/harbor/.codex/worktrees/4f87/NovaRocks/logs/baseline/20260622-231416-tpc-baseline/analyze-tpc-ds.log
tpc-ds,q49,PASS,8.10,/Users/harbor/.codex/worktrees/4f87/NovaRocks/logs/baseline/20260622-231416-tpc-baseline/analyze-tpc-ds.log
tpc-ds,q61,PASS,7.92,/Users/harbor/.codex/worktrees/4f87/NovaRocks/logs/baseline/20260622-231416-tpc-baseline/analyze-tpc-ds.log
tpc-ds,q54,PASS,7.90,/Users/harbor/.codex/worktrees/4f87/NovaRocks/logs/baseline/20260622-231416-tpc-baseline/analyze-tpc-ds.log
tpc-ds,q33,PASS,7.61,/Users/harbor/.codex/worktrees/4f87/NovaRocks/logs/baseline/20260622-231416-tpc-baseline/analyze-tpc-ds.log
tpc-ds,q65,PASS,7.55,/Users/harbor/.codex/worktrees/4f87/NovaRocks/logs/baseline/20260622-231416-tpc-baseline/analyze-tpc-ds.log
tpc-ds,q27,PASS,7.52,/Users/harbor/.codex/worktrees/4f87/NovaRocks/logs/baseline/20260622-231416-tpc-baseline/analyze-tpc-ds.log
tpc-ds,q35,PASS,7.24,/Users/harbor/.codex/worktrees/4f87/NovaRocks/logs/baseline/20260622-231416-tpc-baseline/analyze-tpc-ds.log
tpc-ds,q13,PASS,7.16,/Users/harbor/.codex/worktrees/4f87/NovaRocks/logs/baseline/20260622-231416-tpc-baseline/analyze-tpc-ds.log
tpc-ds,q76,PASS,6.93,/Users/harbor/.codex/worktrees/4f87/NovaRocks/logs/baseline/20260622-231416-tpc-baseline/analyze-tpc-ds.log
tpc-ds,q5,PASS,6.89,/Users/harbor/.codex/worktrees/4f87/NovaRocks/logs/baseline/20260622-231416-tpc-baseline/analyze-tpc-ds.log
tpc-ds,q72,PASS,6.79,/Users/harbor/.codex/worktrees/4f87/NovaRocks/logs/baseline/20260622-231416-tpc-baseline/analyze-tpc-ds.log
tpc-ds,q60,PASS,6.67,/Users/harbor/.codex/worktrees/4f87/NovaRocks/logs/baseline/20260622-231416-tpc-baseline/analyze-tpc-ds.log
tpc-ds,q56,PASS,6.53,/Users/harbor/.codex/worktrees/4f87/NovaRocks/logs/baseline/20260622-231416-tpc-baseline/analyze-tpc-ds.log
tpc-ds,q58,PASS,6.45,/Users/harbor/.codex/worktrees/4f87/NovaRocks/logs/baseline/20260622-231416-tpc-baseline/analyze-tpc-ds.log
tpc-ds,q71,PASS,6.35,/Users/harbor/.codex/worktrees/4f87/NovaRocks/logs/baseline/20260622-231416-tpc-baseline/analyze-tpc-ds.log
tpc-ds,q12,PASS,6.20,/Users/harbor/.codex/worktrees/4f87/NovaRocks/logs/baseline/20260622-231416-tpc-baseline/analyze-tpc-ds.log
tpc-ds,q8,PASS,6.10,/Users/harbor/.codex/worktrees/4f87/NovaRocks/logs/baseline/20260622-231416-tpc-baseline/analyze-tpc-ds.log
tpc-ds,q18,PASS,5.86,/Users/harbor/.codex/worktrees/4f87/NovaRocks/logs/baseline/20260622-231416-tpc-baseline/analyze-tpc-ds.log
tpc-ds,q77,PASS,5.78,/Users/harbor/.codex/worktrees/4f87/NovaRocks/logs/baseline/20260622-231416-tpc-baseline/analyze-tpc-ds.log
tpc-ds,q11,PASS,5.68,/Users/harbor/.codex/worktrees/4f87/NovaRocks/logs/baseline/20260622-231416-tpc-baseline/analyze-tpc-ds.log
tpc-ds,q48,PASS,5.57,/Users/harbor/.codex/worktrees/4f87/NovaRocks/logs/baseline/20260622-231416-tpc-baseline/analyze-tpc-ds.log
tpc-ds,q16,PASS,5.55,/Users/harbor/.codex/worktrees/4f87/NovaRocks/logs/baseline/20260622-231416-tpc-baseline/analyze-tpc-ds.log
tpc-ds,q46,PASS,5.53,/Users/harbor/.codex/worktrees/4f87/NovaRocks/logs/baseline/20260622-231416-tpc-baseline/analyze-tpc-ds.log
tpc-ds,q66,PASS,5.52,/Users/harbor/.codex/worktrees/4f87/NovaRocks/logs/baseline/20260622-231416-tpc-baseline/analyze-tpc-ds.log
tpc-ds,q38,PASS,5.42,/Users/harbor/.codex/worktrees/4f87/NovaRocks/logs/baseline/20260622-231416-tpc-baseline/analyze-tpc-ds.log
tpc-ds,q68,PASS,5.37,/Users/harbor/.codex/worktrees/4f87/NovaRocks/logs/baseline/20260622-231416-tpc-baseline/analyze-tpc-ds.log
tpc-ds,q7,PASS,5.35,/Users/harbor/.codex/worktrees/4f87/NovaRocks/logs/baseline/20260622-231416-tpc-baseline/analyze-tpc-ds.log
tpc-ds,q10,PASS,5.32,/Users/harbor/.codex/worktrees/4f87/NovaRocks/logs/baseline/20260622-231416-tpc-baseline/analyze-tpc-ds.log
tpc-ds,q97,PASS,5.22,/Users/harbor/.codex/worktrees/4f87/NovaRocks/logs/baseline/20260622-231416-tpc-baseline/analyze-tpc-ds.log
tpc-ds,q34,PASS,5.20,/Users/harbor/.codex/worktrees/4f87/NovaRocks/logs/baseline/20260622-231416-tpc-baseline/analyze-tpc-ds.log
tpc-ds,q50,PASS,5.19,/Users/harbor/.codex/worktrees/4f87/NovaRocks/logs/baseline/20260622-231416-tpc-baseline/analyze-tpc-ds.log
tpc-ds,q87,PASS,5.11,/Users/harbor/.codex/worktrees/4f87/NovaRocks/logs/baseline/20260622-231416-tpc-baseline/analyze-tpc-ds.log
tpc-ds,q26,PASS,4.96,/Users/harbor/.codex/worktrees/4f87/NovaRocks/logs/baseline/20260622-231416-tpc-baseline/analyze-tpc-ds.log
tpc-ds,q79,PASS,4.94,/Users/harbor/.codex/worktrees/4f87/NovaRocks/logs/baseline/20260622-231416-tpc-baseline/analyze-tpc-ds.log
tpc-ds,q69,PASS,4.83,/Users/harbor/.codex/worktrees/4f87/NovaRocks/logs/baseline/20260622-231416-tpc-baseline/analyze-tpc-ds.log
tpc-ds,q67,PASS,4.79,/Users/harbor/.codex/worktrees/4f87/NovaRocks/logs/baseline/20260622-231416-tpc-baseline/analyze-tpc-ds.log
tpc-ds,q93,PASS,4.58,/Users/harbor/.codex/worktrees/4f87/NovaRocks/logs/baseline/20260622-231416-tpc-baseline/analyze-tpc-ds.log
tpc-ds,q85,PASS,4.39,/Users/harbor/.codex/worktrees/4f87/NovaRocks/logs/baseline/20260622-231416-tpc-baseline/analyze-tpc-ds.log
tpc-ds,q31,PASS,4.34,/Users/harbor/.codex/worktrees/4f87/NovaRocks/logs/baseline/20260622-231416-tpc-baseline/analyze-tpc-ds.log
tpc-ds,q19,PASS,4.31,/Users/harbor/.codex/worktrees/4f87/NovaRocks/logs/baseline/20260622-231416-tpc-baseline/analyze-tpc-ds.log
tpc-ds,q74,PASS,4.21,/Users/harbor/.codex/worktrees/4f87/NovaRocks/logs/baseline/20260622-231416-tpc-baseline/analyze-tpc-ds.log
tpc-ds,q73,PASS,4.10,/Users/harbor/.codex/worktrees/4f87/NovaRocks/logs/baseline/20260622-231416-tpc-baseline/analyze-tpc-ds.log
tpc-ds,q32,PASS,4.07,/Users/harbor/.codex/worktrees/4f87/NovaRocks/logs/baseline/20260622-231416-tpc-baseline/analyze-tpc-ds.log
tpc-ds,q95,PASS,3.92,/Users/harbor/.codex/worktrees/4f87/NovaRocks/logs/baseline/20260622-231416-tpc-baseline/analyze-tpc-ds.log
tpc-ds,q99,PASS,3.85,/Users/harbor/.codex/worktrees/4f87/NovaRocks/logs/baseline/20260622-231416-tpc-baseline/analyze-tpc-ds.log
tpc-ds,q6,PASS,3.71,/Users/harbor/.codex/worktrees/4f87/NovaRocks/logs/baseline/20260622-231416-tpc-baseline/analyze-tpc-ds.log
tpc-ds,q36,PASS,3.70,/Users/harbor/.codex/worktrees/4f87/NovaRocks/logs/baseline/20260622-231416-tpc-baseline/analyze-tpc-ds.log
tpc-ds,q40,PASS,3.65,/Users/harbor/.codex/worktrees/4f87/NovaRocks/logs/baseline/20260622-231416-tpc-baseline/analyze-tpc-ds.log
tpc-ds,q15,PASS,3.55,/Users/harbor/.codex/worktrees/4f87/NovaRocks/logs/baseline/20260622-231416-tpc-baseline/analyze-tpc-ds.log
tpc-ds,q81,PASS,3.28,/Users/harbor/.codex/worktrees/4f87/NovaRocks/logs/baseline/20260622-231416-tpc-baseline/analyze-tpc-ds.log
tpc-ds,q39,PASS,3.13,/Users/harbor/.codex/worktrees/4f87/NovaRocks/logs/baseline/20260622-231416-tpc-baseline/analyze-tpc-ds.log
tpc-ds,q43,PASS,2.92,/Users/harbor/.codex/worktrees/4f87/NovaRocks/logs/baseline/20260622-231416-tpc-baseline/analyze-tpc-ds.log
tpc-ds,q59,PASS,2.87,/Users/harbor/.codex/worktrees/4f87/NovaRocks/logs/baseline/20260622-231416-tpc-baseline/analyze-tpc-ds.log
tpc-ds,q3,PASS,2.85,/Users/harbor/.codex/worktrees/4f87/NovaRocks/logs/baseline/20260622-231416-tpc-baseline/analyze-tpc-ds.log
tpc-ds,q96,PASS,2.81,/Users/harbor/.codex/worktrees/4f87/NovaRocks/logs/baseline/20260622-231416-tpc-baseline/analyze-tpc-ds.log
tpc-ds,q42,PASS,2.75,/Users/harbor/.codex/worktrees/4f87/NovaRocks/logs/baseline/20260622-231416-tpc-baseline/analyze-tpc-ds.log
tpc-ds,q94,PASS,2.67,/Users/harbor/.codex/worktrees/4f87/NovaRocks/logs/baseline/20260622-231416-tpc-baseline/analyze-tpc-ds.log
tpc-ds,q2,PASS,2.49,/Users/harbor/.codex/worktrees/4f87/NovaRocks/logs/baseline/20260622-231416-tpc-baseline/analyze-tpc-ds.log
tpc-ds,q52,PASS,2.39,/Users/harbor/.codex/worktrees/4f87/NovaRocks/logs/baseline/20260622-231416-tpc-baseline/analyze-tpc-ds.log
tpc-ds,q90,PASS,2.36,/Users/harbor/.codex/worktrees/4f87/NovaRocks/logs/baseline/20260622-231416-tpc-baseline/analyze-tpc-ds.log
tpc-ds,q55,PASS,2.36,/Users/harbor/.codex/worktrees/4f87/NovaRocks/logs/baseline/20260622-231416-tpc-baseline/analyze-tpc-ds.log
tpc-ds,q45,PASS,2.21,/Users/harbor/.codex/worktrees/4f87/NovaRocks/logs/baseline/20260622-231416-tpc-baseline/analyze-tpc-ds.log
tpc-ds,q82,PASS,2.19,/Users/harbor/.codex/worktrees/4f87/NovaRocks/logs/baseline/20260622-231416-tpc-baseline/analyze-tpc-ds.log
tpc-ds,q92,PASS,2.04,/Users/harbor/.codex/worktrees/4f87/NovaRocks/logs/baseline/20260622-231416-tpc-baseline/analyze-tpc-ds.log
tpc-ds,q37,PASS,1.86,/Users/harbor/.codex/worktrees/4f87/NovaRocks/logs/baseline/20260622-231416-tpc-baseline/analyze-tpc-ds.log
tpc-ds,q83,PASS,1.78,/Users/harbor/.codex/worktrees/4f87/NovaRocks/logs/baseline/20260622-231416-tpc-baseline/analyze-tpc-ds.log
tpc-ds,q62,PASS,1.65,/Users/harbor/.codex/worktrees/4f87/NovaRocks/logs/baseline/20260622-231416-tpc-baseline/analyze-tpc-ds.log
tpc-ds,q22,PASS,1.40,/Users/harbor/.codex/worktrees/4f87/NovaRocks/logs/baseline/20260622-231416-tpc-baseline/analyze-tpc-ds.log
tpc-ds,q21,PASS,1.21,/Users/harbor/.codex/worktrees/4f87/NovaRocks/logs/baseline/20260622-231416-tpc-baseline/analyze-tpc-ds.log
tpc-ds,q30,PASS,1.17,/Users/harbor/.codex/worktrees/4f87/NovaRocks/logs/baseline/20260622-231416-tpc-baseline/analyze-tpc-ds.log
tpc-ds,q86,PASS,1.10,/Users/harbor/.codex/worktrees/4f87/NovaRocks/logs/baseline/20260622-231416-tpc-baseline/analyze-tpc-ds.log
tpc-ds,q91,PASS,0.84,/Users/harbor/.codex/worktrees/4f87/NovaRocks/logs/baseline/20260622-231416-tpc-baseline/analyze-tpc-ds.log
tpc-ds,q84,PASS,0.51,/Users/harbor/.codex/worktrees/4f87/NovaRocks/logs/baseline/20260622-231416-tpc-baseline/analyze-tpc-ds.log
tpc-ds,q1,PASS,0.51,/Users/harbor/.codex/worktrees/4f87/NovaRocks/logs/baseline/20260622-231416-tpc-baseline/analyze-tpc-ds.log
tpc-ds,q41,PASS,0.14,/Users/harbor/.codex/worktrees/4f87/NovaRocks/logs/baseline/20260622-231416-tpc-baseline/analyze-tpc-ds.log
tpc-h,q18,PASS,91.26,/Users/harbor/.codex/worktrees/4f87/NovaRocks/logs/baseline/20260622-231416-tpc-baseline/analyze-tpc-h.log
tpc-h,q9,PASS,24.40,/Users/harbor/.codex/worktrees/4f87/NovaRocks/logs/baseline/20260622-231416-tpc-baseline/analyze-tpc-h.log
tpc-h,q21,PASS,10.80,/Users/harbor/.codex/worktrees/4f87/NovaRocks/logs/baseline/20260622-231416-tpc-baseline/analyze-tpc-h.log
tpc-h,q17,PASS,8.55,/Users/harbor/.codex/worktrees/4f87/NovaRocks/logs/baseline/20260622-231416-tpc-baseline/analyze-tpc-h.log
tpc-h,q19,PASS,6.07,/Users/harbor/.codex/worktrees/4f87/NovaRocks/logs/baseline/20260622-231416-tpc-baseline/analyze-tpc-h.log
tpc-h,q8,PASS,4.88,/Users/harbor/.codex/worktrees/4f87/NovaRocks/logs/baseline/20260622-231416-tpc-baseline/analyze-tpc-h.log
tpc-h,q10,PASS,3.88,/Users/harbor/.codex/worktrees/4f87/NovaRocks/logs/baseline/20260622-231416-tpc-baseline/analyze-tpc-h.log
tpc-h,q1,PASS,3.88,/Users/harbor/.codex/worktrees/4f87/NovaRocks/logs/baseline/20260622-231416-tpc-baseline/analyze-tpc-h.log
tpc-h,q7,PASS,3.17,/Users/harbor/.codex/worktrees/4f87/NovaRocks/logs/baseline/20260622-231416-tpc-baseline/analyze-tpc-h.log
tpc-h,q5,PASS,3.11,/Users/harbor/.codex/worktrees/4f87/NovaRocks/logs/baseline/20260622-231416-tpc-baseline/analyze-tpc-h.log
tpc-h,q3,PASS,2.92,/Users/harbor/.codex/worktrees/4f87/NovaRocks/logs/baseline/20260622-231416-tpc-baseline/analyze-tpc-h.log
tpc-h,q11,PASS,2.13,/Users/harbor/.codex/worktrees/4f87/NovaRocks/logs/baseline/20260622-231416-tpc-baseline/analyze-tpc-h.log
tpc-h,q4,PASS,2.10,/Users/harbor/.codex/worktrees/4f87/NovaRocks/logs/baseline/20260622-231416-tpc-baseline/analyze-tpc-h.log
tpc-h,q12,PASS,1.80,/Users/harbor/.codex/worktrees/4f87/NovaRocks/logs/baseline/20260622-231416-tpc-baseline/analyze-tpc-h.log
tpc-h,q20,PASS,1.60,/Users/harbor/.codex/worktrees/4f87/NovaRocks/logs/baseline/20260622-231416-tpc-baseline/analyze-tpc-h.log
tpc-h,q13,PASS,1.49,/Users/harbor/.codex/worktrees/4f87/NovaRocks/logs/baseline/20260622-231416-tpc-baseline/analyze-tpc-h.log
tpc-h,q2,PASS,1.40,/Users/harbor/.codex/worktrees/4f87/NovaRocks/logs/baseline/20260622-231416-tpc-baseline/analyze-tpc-h.log
tpc-h,q16,PASS,0.96,/Users/harbor/.codex/worktrees/4f87/NovaRocks/logs/baseline/20260622-231416-tpc-baseline/analyze-tpc-h.log
tpc-h,q22,PASS,0.46,/Users/harbor/.codex/worktrees/4f87/NovaRocks/logs/baseline/20260622-231416-tpc-baseline/analyze-tpc-h.log
tpc-h,q15,PASS,0.45,/Users/harbor/.codex/worktrees/4f87/NovaRocks/logs/baseline/20260622-231416-tpc-baseline/analyze-tpc-h.log
tpc-h,q6,PASS,0.45,/Users/harbor/.codex/worktrees/4f87/NovaRocks/logs/baseline/20260622-231416-tpc-baseline/analyze-tpc-h.log
tpc-h,q14,PASS,0.33,/Users/harbor/.codex/worktrees/4f87/NovaRocks/logs/baseline/20260622-231416-tpc-baseline/analyze-tpc-h.log
