suite,case,step,planning_sec,execution_sec,rows,result_path
ssb,q1.1,1,0.0516,2.35,1,/Users/harbor/.codex/worktrees/4f87/NovaRocks/logs/baseline/20260622-231416-tpc-baseline/plans/analyze/ssb/q1.1.result
ssb,q1.2,1,0.0403,2.62,1,/Users/harbor/.codex/worktrees/4f87/NovaRocks/logs/baseline/20260622-231416-tpc-baseline/plans/analyze/ssb/q1.2.result
ssb,q1.3,1,0.0434,3.03,1,/Users/harbor/.codex/worktrees/4f87/NovaRocks/logs/baseline/20260622-231416-tpc-baseline/plans/analyze/ssb/q1.3.result
ssb,q2.1,1,0.2403,4.06,280,/Users/harbor/.codex/worktrees/4f87/NovaRocks/logs/baseline/20260622-231416-tpc-baseline/plans/analyze/ssb/q2.1.result
ssb,q2.2,1,0.1505,2.68,56,/Users/harbor/.codex/worktrees/4f87/NovaRocks/logs/baseline/20260622-231416-tpc-baseline/plans/analyze/ssb/q2.2.result
ssb,q2.3,1,0.1394,2.83,7,/Users/harbor/.codex/worktrees/4f87/NovaRocks/logs/baseline/20260622-231416-tpc-baseline/plans/analyze/ssb/q2.3.result
ssb,q3.1,1,0.1664,3.95,150,/Users/harbor/.codex/worktrees/4f87/NovaRocks/logs/baseline/20260622-231416-tpc-baseline/plans/analyze/ssb/q3.1.result
ssb,q3.2,1,0.168,4.26,596,/Users/harbor/.codex/worktrees/4f87/NovaRocks/logs/baseline/20260622-231416-tpc-baseline/plans/analyze/ssb/q3.2.result
ssb,q3.3,1,0.1703,4.1,24,/Users/harbor/.codex/worktrees/4f87/NovaRocks/logs/baseline/20260622-231416-tpc-baseline/plans/analyze/ssb/q3.3.result
ssb,q3.4,1,0.1463,3.68,3,/Users/harbor/.codex/worktrees/4f87/NovaRocks/logs/baseline/20260622-231416-tpc-baseline/plans/analyze/ssb/q3.4.result
ssb,q4.1,1,0.2009,5.87,35,/Users/harbor/.codex/worktrees/4f87/NovaRocks/logs/baseline/20260622-231416-tpc-baseline/plans/analyze/ssb/q4.1.result
ssb,q4.2,1,0.2161,4.62,100,/Users/harbor/.codex/worktrees/4f87/NovaRocks/logs/baseline/20260622-231416-tpc-baseline/plans/analyze/ssb/q4.2.result
ssb,q4.3,1,0.2146,4.27,330,/Users/harbor/.codex/worktrees/4f87/NovaRocks/logs/baseline/20260622-231416-tpc-baseline/plans/analyze/ssb/q4.3.result
tpc-ds,q1,1,0.0722,0.4312,100,/Users/harbor/.codex/worktrees/4f87/NovaRocks/logs/baseline/20260622-231416-tpc-baseline/plans/analyze/tpc-ds/q1.result
tpc-ds,q10,1,0.4022,4.91,5,/Users/harbor/.codex/worktrees/4f87/NovaRocks/logs/baseline/20260622-231416-tpc-baseline/plans/analyze/tpc-ds/q10.result
tpc-ds,q11,1,0.2864,5.39,88,/Users/harbor/.codex/worktrees/4f87/NovaRocks/logs/baseline/20260622-231416-tpc-baseline/plans/analyze/tpc-ds/q11.result
tpc-ds,q12,1,0.2134,5.98,100,/Users/harbor/.codex/worktrees/4f87/NovaRocks/logs/baseline/20260622-231416-tpc-baseline/plans/analyze/tpc-ds/q12.result
tpc-ds,q13,1,0.233,6.92,1,/Users/harbor/.codex/worktrees/4f87/NovaRocks/logs/baseline/20260622-231416-tpc-baseline/plans/analyze/tpc-ds/q13.result
tpc-ds,q14,1,1.26,19.92,100,/Users/harbor/.codex/worktrees/4f87/NovaRocks/logs/baseline/20260622-231416-tpc-baseline/plans/analyze/tpc-ds/q14.result
tpc-ds,q14,2,1.45,17.21,100,/Users/harbor/.codex/worktrees/4f87/NovaRocks/logs/baseline/20260622-231416-tpc-baseline/plans/analyze/tpc-ds/q14.result
tpc-ds,q15,1,0.2143,3.34,100,/Users/harbor/.codex/worktrees/4f87/NovaRocks/logs/baseline/20260622-231416-tpc-baseline/plans/analyze/tpc-ds/q15.result
tpc-ds,q16,1,0.409,5.14,1,/Users/harbor/.codex/worktrees/4f87/NovaRocks/logs/baseline/20260622-231416-tpc-baseline/plans/analyze/tpc-ds/q16.result
tpc-ds,q17,1,0.6685,9.53,1,/Users/harbor/.codex/worktrees/4f87/NovaRocks/logs/baseline/20260622-231416-tpc-baseline/plans/analyze/tpc-ds/q17.result
tpc-ds,q18,1,0.4351,5.42,100,/Users/harbor/.codex/worktrees/4f87/NovaRocks/logs/baseline/20260622-231416-tpc-baseline/plans/analyze/tpc-ds/q18.result
tpc-ds,q19,1,0.2823,4.02,100,/Users/harbor/.codex/worktrees/4f87/NovaRocks/logs/baseline/20260622-231416-tpc-baseline/plans/analyze/tpc-ds/q19.result
tpc-ds,q2,1,0.1516,2.34,2513,/Users/harbor/.codex/worktrees/4f87/NovaRocks/logs/baseline/20260622-231416-tpc-baseline/plans/analyze/tpc-ds/q2.result
tpc-ds,q20,1,0.2066,14.3,100,/Users/harbor/.codex/worktrees/4f87/NovaRocks/logs/baseline/20260622-231416-tpc-baseline/plans/analyze/tpc-ds/q20.result
tpc-ds,q21,1,0.0705,1.14,100,/Users/harbor/.codex/worktrees/4f87/NovaRocks/logs/baseline/20260622-231416-tpc-baseline/plans/analyze/tpc-ds/q21.result
tpc-ds,q22,1,0.0505,1.34,100,/Users/harbor/.codex/worktrees/4f87/NovaRocks/logs/baseline/20260622-231416-tpc-baseline/plans/analyze/tpc-ds/q22.result
tpc-ds,q23,1,0.5571,14.78,1,/Users/harbor/.codex/worktrees/4f87/NovaRocks/logs/baseline/20260622-231416-tpc-baseline/plans/analyze/tpc-ds/q23.result
tpc-ds,q23,2,0.7168,16.08,4,/Users/harbor/.codex/worktrees/4f87/NovaRocks/logs/baseline/20260622-231416-tpc-baseline/plans/analyze/tpc-ds/q23.result
tpc-ds,q24,1,0.2904,4.82,3,/Users/harbor/.codex/worktrees/4f87/NovaRocks/logs/baseline/20260622-231416-tpc-baseline/plans/analyze/tpc-ds/q24.result
tpc-ds,q24,2,0.2948,5.24,4,/Users/harbor/.codex/worktrees/4f87/NovaRocks/logs/baseline/20260622-231416-tpc-baseline/plans/analyze/tpc-ds/q24.result
tpc-ds,q25,1,0.7062,7.97,1,/Users/harbor/.codex/worktrees/4f87/NovaRocks/logs/baseline/20260622-231416-tpc-baseline/plans/analyze/tpc-ds/q25.result
tpc-ds,q26,1,0.2946,4.67,100,/Users/harbor/.codex/worktrees/4f87/NovaRocks/logs/baseline/20260622-231416-tpc-baseline/plans/analyze/tpc-ds/q26.result
tpc-ds,q27,1,0.2178,7.3,100,/Users/harbor/.codex/worktrees/4f87/NovaRocks/logs/baseline/20260622-231416-tpc-baseline/plans/analyze/tpc-ds/q27.result
tpc-ds,q28,1,0.2349,19.43,1,/Users/harbor/.codex/worktrees/4f87/NovaRocks/logs/baseline/20260622-231416-tpc-baseline/plans/analyze/tpc-ds/q28.result
tpc-ds,q29,1,0.7331,9.49,1,/Users/harbor/.codex/worktrees/4f87/NovaRocks/logs/baseline/20260622-231416-tpc-baseline/plans/analyze/tpc-ds/q29.result
tpc-ds,q3,1,0.1282,2.72,89,/Users/harbor/.codex/worktrees/4f87/NovaRocks/logs/baseline/20260622-231416-tpc-baseline/plans/analyze/tpc-ds/q3.result
tpc-ds,q30,1,0.1047,1.07,100,/Users/harbor/.codex/worktrees/4f87/NovaRocks/logs/baseline/20260622-231416-tpc-baseline/plans/analyze/tpc-ds/q30.result
tpc-ds,q31,1,0.2665,4.07,51,/Users/harbor/.codex/worktrees/4f87/NovaRocks/logs/baseline/20260622-231416-tpc-baseline/plans/analyze/tpc-ds/q31.result
tpc-ds,q32,1,0.2969,3.77,1,/Users/harbor/.codex/worktrees/4f87/NovaRocks/logs/baseline/20260622-231416-tpc-baseline/plans/analyze/tpc-ds/q32.result
tpc-ds,q33,1,0.6788,6.93,100,/Users/harbor/.codex/worktrees/4f87/NovaRocks/logs/baseline/20260622-231416-tpc-baseline/plans/analyze/tpc-ds/q33.result
tpc-ds,q34,1,0.1879,5.01,451,/Users/harbor/.codex/worktrees/4f87/NovaRocks/logs/baseline/20260622-231416-tpc-baseline/plans/analyze/tpc-ds/q34.result
tpc-ds,q35,1,0.4622,6.77,100,/Users/harbor/.codex/worktrees/4f87/NovaRocks/logs/baseline/20260622-231416-tpc-baseline/plans/analyze/tpc-ds/q35.result
tpc-ds,q36,1,0.178,3.52,100,/Users/harbor/.codex/worktrees/4f87/NovaRocks/logs/baseline/20260622-231416-tpc-baseline/plans/analyze/tpc-ds/q36.result
tpc-ds,q37,1,0.1207,1.73,1,/Users/harbor/.codex/worktrees/4f87/NovaRocks/logs/baseline/20260622-231416-tpc-baseline/plans/analyze/tpc-ds/q37.result
tpc-ds,q38,1,0.6177,4.8,1,/Users/harbor/.codex/worktrees/4f87/NovaRocks/logs/baseline/20260622-231416-tpc-baseline/plans/analyze/tpc-ds/q38.result
tpc-ds,q39,1,0.0517,1.48,243,/Users/harbor/.codex/worktrees/4f87/NovaRocks/logs/baseline/20260622-231416-tpc-baseline/plans/analyze/tpc-ds/q39.result
tpc-ds,q39,2,0.072,1.52,14,/Users/harbor/.codex/worktrees/4f87/NovaRocks/logs/baseline/20260622-231416-tpc-baseline/plans/analyze/tpc-ds/q39.result
tpc-ds,q4,1,0.4807,8.67,8,/Users/harbor/.codex/worktrees/4f87/NovaRocks/logs/baseline/20260622-231416-tpc-baseline/plans/analyze/tpc-ds/q4.result
tpc-ds,q40,1,0.2913,3.35,100,/Users/harbor/.codex/worktrees/4f87/NovaRocks/logs/baseline/20260622-231416-tpc-baseline/plans/analyze/tpc-ds/q40.result
tpc-ds,q41,1,0.0497,0.0905,4,/Users/harbor/.codex/worktrees/4f87/NovaRocks/logs/baseline/20260622-231416-tpc-baseline/plans/analyze/tpc-ds/q41.result
tpc-ds,q42,1,0.1107,2.64,10,/Users/harbor/.codex/worktrees/4f87/NovaRocks/logs/baseline/20260622-231416-tpc-baseline/plans/analyze/tpc-ds/q42.result
tpc-ds,q43,1,0.1059,2.81,6,/Users/harbor/.codex/worktrees/4f87/NovaRocks/logs/baseline/20260622-231416-tpc-baseline/plans/analyze/tpc-ds/q43.result
tpc-ds,q44,1,0.5485,7.77,10,/Users/harbor/.codex/worktrees/4f87/NovaRocks/logs/baseline/20260622-231416-tpc-baseline/plans/analyze/tpc-ds/q44.result
tpc-ds,q45,1,0.4541,1.75,19,/Users/harbor/.codex/worktrees/4f87/NovaRocks/logs/baseline/20260622-231416-tpc-baseline/plans/analyze/tpc-ds/q45.result
tpc-ds,q46,1,0.2774,5.25,100,/Users/harbor/.codex/worktrees/4f87/NovaRocks/logs/baseline/20260622-231416-tpc-baseline/plans/analyze/tpc-ds/q46.result
tpc-ds,q47,1,0.2547,12.13,100,/Users/harbor/.codex/worktrees/4f87/NovaRocks/logs/baseline/20260622-231416-tpc-baseline/plans/analyze/tpc-ds/q47.result
tpc-ds,q48,1,0.1835,5.39,1,/Users/harbor/.codex/worktrees/4f87/NovaRocks/logs/baseline/20260622-231416-tpc-baseline/plans/analyze/tpc-ds/q48.result
tpc-ds,q49,1,0.3189,7.77,32,/Users/harbor/.codex/worktrees/4f87/NovaRocks/logs/baseline/20260622-231416-tpc-baseline/plans/analyze/tpc-ds/q49.result
tpc-ds,q5,1,0.6148,6.27,7,/Users/harbor/.codex/worktrees/4f87/NovaRocks/logs/baseline/20260622-231416-tpc-baseline/plans/analyze/tpc-ds/q5.result
tpc-ds,q50,1,0.2435,4.94,6,/Users/harbor/.codex/worktrees/4f87/NovaRocks/logs/baseline/20260622-231416-tpc-baseline/plans/analyze/tpc-ds/q50.result
tpc-ds,q51,1,0.221,15.94,100,/Users/harbor/.codex/worktrees/4f87/NovaRocks/logs/baseline/20260622-231416-tpc-baseline/plans/analyze/tpc-ds/q51.result
tpc-ds,q52,1,0.0979,2.29,100,/Users/harbor/.codex/worktrees/4f87/NovaRocks/logs/baseline/20260622-231416-tpc-baseline/plans/analyze/tpc-ds/q52.result
tpc-ds,q53,1,0.2711,11.97,100,/Users/harbor/.codex/worktrees/4f87/NovaRocks/logs/baseline/20260622-231416-tpc-baseline/plans/analyze/tpc-ds/q53.result
tpc-ds,q54,1,0.5999,7.3,1,/Users/harbor/.codex/worktrees/4f87/NovaRocks/logs/baseline/20260622-231416-tpc-baseline/plans/analyze/tpc-ds/q54.result
tpc-ds,q55,1,0.1114,2.24,100,/Users/harbor/.codex/worktrees/4f87/NovaRocks/logs/baseline/20260622-231416-tpc-baseline/plans/analyze/tpc-ds/q55.result
tpc-ds,q56,1,0.622,5.91,100,/Users/harbor/.codex/worktrees/4f87/NovaRocks/logs/baseline/20260622-231416-tpc-baseline/plans/analyze/tpc-ds/q56.result
tpc-ds,q57,1,0.2894,12.48,100,/Users/harbor/.codex/worktrees/4f87/NovaRocks/logs/baseline/20260622-231416-tpc-baseline/plans/analyze/tpc-ds/q57.result
tpc-ds,q58,1,0.5472,5.89,3,/Users/harbor/.codex/worktrees/4f87/NovaRocks/logs/baseline/20260622-231416-tpc-baseline/plans/analyze/tpc-ds/q58.result
tpc-ds,q59,1,0.1665,2.7,100,/Users/harbor/.codex/worktrees/4f87/NovaRocks/logs/baseline/20260622-231416-tpc-baseline/plans/analyze/tpc-ds/q59.result
tpc-ds,q6,1,0.2659,3.44,45,/Users/harbor/.codex/worktrees/4f87/NovaRocks/logs/baseline/20260622-231416-tpc-baseline/plans/analyze/tpc-ds/q6.result
tpc-ds,q60,1,0.6503,6.02,100,/Users/harbor/.codex/worktrees/4f87/NovaRocks/logs/baseline/20260622-231416-tpc-baseline/plans/analyze/tpc-ds/q60.result
tpc-ds,q61,1,0.5445,7.37,1,/Users/harbor/.codex/worktrees/4f87/NovaRocks/logs/baseline/20260622-231416-tpc-baseline/plans/analyze/tpc-ds/q61.result
tpc-ds,q62,1,0.2371,1.41,100,/Users/harbor/.codex/worktrees/4f87/NovaRocks/logs/baseline/20260622-231416-tpc-baseline/plans/analyze/tpc-ds/q62.result
tpc-ds,q63,1,0.2657,12.36,100,/Users/harbor/.codex/worktrees/4f87/NovaRocks/logs/baseline/20260622-231416-tpc-baseline/plans/analyze/tpc-ds/q63.result
tpc-ds,q64,1,1.35,30.28,10,/Users/harbor/.codex/worktrees/4f87/NovaRocks/logs/baseline/20260622-231416-tpc-baseline/plans/analyze/tpc-ds/q64.result
tpc-ds,q65,1,0.595,6.95,100,/Users/harbor/.codex/worktrees/4f87/NovaRocks/logs/baseline/20260622-231416-tpc-baseline/plans/analyze/tpc-ds/q65.result
tpc-ds,q66,1,0.528,4.99,5,/Users/harbor/.codex/worktrees/4f87/NovaRocks/logs/baseline/20260622-231416-tpc-baseline/plans/analyze/tpc-ds/q66.result
tpc-ds,q67,1,0.1846,4.6,100,/Users/harbor/.codex/worktrees/4f87/NovaRocks/logs/baseline/20260622-231416-tpc-baseline/plans/analyze/tpc-ds/q67.result
tpc-ds,q68,1,0.2788,5.09,100,/Users/harbor/.codex/worktrees/4f87/NovaRocks/logs/baseline/20260622-231416-tpc-baseline/plans/analyze/tpc-ds/q68.result
tpc-ds,q69,1,0.4246,4.4,100,/Users/harbor/.codex/worktrees/4f87/NovaRocks/logs/baseline/20260622-231416-tpc-baseline/plans/analyze/tpc-ds/q69.result
tpc-ds,q7,1,0.203,5.15,100,/Users/harbor/.codex/worktrees/4f87/NovaRocks/logs/baseline/20260622-231416-tpc-baseline/plans/analyze/tpc-ds/q7.result
tpc-ds,q70,1,0.3943,13.41,3,/Users/harbor/.codex/worktrees/4f87/NovaRocks/logs/baseline/20260622-231416-tpc-baseline/plans/analyze/tpc-ds/q70.result
tpc-ds,q71,1,0.4411,5.91,1018,/Users/harbor/.codex/worktrees/4f87/NovaRocks/logs/baseline/20260622-231416-tpc-baseline/plans/analyze/tpc-ds/q71.result
tpc-ds,q72,1,0.6823,6.11,100,/Users/harbor/.codex/worktrees/4f87/NovaRocks/logs/baseline/20260622-231416-tpc-baseline/plans/analyze/tpc-ds/q72.result
tpc-ds,q73,1,0.1895,3.91,5,/Users/harbor/.codex/worktrees/4f87/NovaRocks/logs/baseline/20260622-231416-tpc-baseline/plans/analyze/tpc-ds/q73.result
tpc-ds,q74,1,0.2437,3.96,92,/Users/harbor/.codex/worktrees/4f87/NovaRocks/logs/baseline/20260622-231416-tpc-baseline/plans/analyze/tpc-ds/q74.result
tpc-ds,q75,1,0.5023,12.89,100,/Users/harbor/.codex/worktrees/4f87/NovaRocks/logs/baseline/20260622-231416-tpc-baseline/plans/analyze/tpc-ds/q75.result
tpc-ds,q76,1,0.415,6.51,100,/Users/harbor/.codex/worktrees/4f87/NovaRocks/logs/baseline/20260622-231416-tpc-baseline/plans/analyze/tpc-ds/q76.result
tpc-ds,q77,1,0.4843,5.29,44,/Users/harbor/.codex/worktrees/4f87/NovaRocks/logs/baseline/20260622-231416-tpc-baseline/plans/analyze/tpc-ds/q77.result
tpc-ds,q78,1,0.2704,11.38,100,/Users/harbor/.codex/worktrees/4f87/NovaRocks/logs/baseline/20260622-231416-tpc-baseline/plans/analyze/tpc-ds/q78.result
tpc-ds,q79,1,0.2021,4.74,100,/Users/harbor/.codex/worktrees/4f87/NovaRocks/logs/baseline/20260622-231416-tpc-baseline/plans/analyze/tpc-ds/q79.result
tpc-ds,q8,1,0.1499,5.95,5,/Users/harbor/.codex/worktrees/4f87/NovaRocks/logs/baseline/20260622-231416-tpc-baseline/plans/analyze/tpc-ds/q8.result
tpc-ds,q80,1,0.9613,9.08,7,/Users/harbor/.codex/worktrees/4f87/NovaRocks/logs/baseline/20260622-231416-tpc-baseline/plans/analyze/tpc-ds/q80.result
tpc-ds,q81,1,0.1389,3.14,100,/Users/harbor/.codex/worktrees/4f87/NovaRocks/logs/baseline/20260622-231416-tpc-baseline/plans/analyze/tpc-ds/q81.result
tpc-ds,q82,1,0.0997,2.09,2,/Users/harbor/.codex/worktrees/4f87/NovaRocks/logs/baseline/20260622-231416-tpc-baseline/plans/analyze/tpc-ds/q82.result
tpc-ds,q83,1,0.3206,1.46,21,/Users/harbor/.codex/worktrees/4f87/NovaRocks/logs/baseline/20260622-231416-tpc-baseline/plans/analyze/tpc-ds/q83.result
tpc-ds,q84,1,0.11,0.4018,25,/Users/harbor/.codex/worktrees/4f87/NovaRocks/logs/baseline/20260622-231416-tpc-baseline/plans/analyze/tpc-ds/q84.result
tpc-ds,q85,1,0.4631,3.92,6,/Users/harbor/.codex/worktrees/4f87/NovaRocks/logs/baseline/20260622-231416-tpc-baseline/plans/analyze/tpc-ds/q85.result
tpc-ds,q86,1,0.156,0.9468,100,/Users/harbor/.codex/worktrees/4f87/NovaRocks/logs/baseline/20260622-231416-tpc-baseline/plans/analyze/tpc-ds/q86.result
tpc-ds,q87,1,0.5626,4.55,1,/Users/harbor/.codex/worktrees/4f87/NovaRocks/logs/baseline/20260622-231416-tpc-baseline/plans/analyze/tpc-ds/q87.result
tpc-ds,q88,1,1.16,20.97,1,/Users/harbor/.codex/worktrees/4f87/NovaRocks/logs/baseline/20260622-231416-tpc-baseline/plans/analyze/tpc-ds/q88.result
tpc-ds,q89,1,0.2903,12.24,100,/Users/harbor/.codex/worktrees/4f87/NovaRocks/logs/baseline/20260622-231416-tpc-baseline/plans/analyze/tpc-ds/q89.result
tpc-ds,q9,1,0.6219,20.2,1,/Users/harbor/.codex/worktrees/4f87/NovaRocks/logs/baseline/20260622-231416-tpc-baseline/plans/analyze/tpc-ds/q9.result
tpc-ds,q90,1,0.3347,2.02,1,/Users/harbor/.codex/worktrees/4f87/NovaRocks/logs/baseline/20260622-231416-tpc-baseline/plans/analyze/tpc-ds/q90.result
tpc-ds,q91,1,0.1822,0.6549,1,/Users/harbor/.codex/worktrees/4f87/NovaRocks/logs/baseline/20260622-231416-tpc-baseline/plans/analyze/tpc-ds/q91.result
tpc-ds,q92,1,0.3194,1.72,1,/Users/harbor/.codex/worktrees/4f87/NovaRocks/logs/baseline/20260622-231416-tpc-baseline/plans/analyze/tpc-ds/q92.result
tpc-ds,q93,1,0.0594,4.52,100,/Users/harbor/.codex/worktrees/4f87/NovaRocks/logs/baseline/20260622-231416-tpc-baseline/plans/analyze/tpc-ds/q93.result
tpc-ds,q94,1,0.3574,2.31,1,/Users/harbor/.codex/worktrees/4f87/NovaRocks/logs/baseline/20260622-231416-tpc-baseline/plans/analyze/tpc-ds/q94.result
tpc-ds,q95,1,0.4051,3.51,1,/Users/harbor/.codex/worktrees/4f87/NovaRocks/logs/baseline/20260622-231416-tpc-baseline/plans/analyze/tpc-ds/q95.result
tpc-ds,q96,1,0.1486,2.66,1,/Users/harbor/.codex/worktrees/4f87/NovaRocks/logs/baseline/20260622-231416-tpc-baseline/plans/analyze/tpc-ds/q96.result
tpc-ds,q97,1,0.1167,5.1,1,/Users/harbor/.codex/worktrees/4f87/NovaRocks/logs/baseline/20260622-231416-tpc-baseline/plans/analyze/tpc-ds/q97.result
tpc-ds,q98,1,0.1457,13.9,2516,/Users/harbor/.codex/worktrees/4f87/NovaRocks/logs/baseline/20260622-231416-tpc-baseline/plans/analyze/tpc-ds/q98.result
tpc-ds,q99,1,0.2691,3.58,90,/Users/harbor/.codex/worktrees/4f87/NovaRocks/logs/baseline/20260622-231416-tpc-baseline/plans/analyze/tpc-ds/q99.result
tpc-h,q1,1,0.028,3.85,4,/Users/harbor/.codex/worktrees/4f87/NovaRocks/logs/baseline/20260622-231416-tpc-baseline/plans/analyze/tpc-h/q1.result
tpc-h,q10,1,0.0823,3.8,20,/Users/harbor/.codex/worktrees/4f87/NovaRocks/logs/baseline/20260622-231416-tpc-baseline/plans/analyze/tpc-h/q10.result
tpc-h,q11,1,0.0524,2.08,741,/Users/harbor/.codex/worktrees/4f87/NovaRocks/logs/baseline/20260622-231416-tpc-baseline/plans/analyze/tpc-h/q11.result
tpc-h,q12,1,0.0341,1.77,2,/Users/harbor/.codex/worktrees/4f87/NovaRocks/logs/baseline/20260622-231416-tpc-baseline/plans/analyze/tpc-h/q12.result
tpc-h,q13,1,0.0477,1.44,41,/Users/harbor/.codex/worktrees/4f87/NovaRocks/logs/baseline/20260622-231416-tpc-baseline/plans/analyze/tpc-h/q13.result
tpc-h,q14,1,0.0392,0.2931,1,/Users/harbor/.codex/worktrees/4f87/NovaRocks/logs/baseline/20260622-231416-tpc-baseline/plans/analyze/tpc-h/q14.result
tpc-h,q15,1,0.1236,0.3276,1,/Users/harbor/.codex/worktrees/4f87/NovaRocks/logs/baseline/20260622-231416-tpc-baseline/plans/analyze/tpc-h/q15.result
tpc-h,q16,1,0.027,0.9363,18138,/Users/harbor/.codex/worktrees/4f87/NovaRocks/logs/baseline/20260622-231416-tpc-baseline/plans/analyze/tpc-h/q16.result
tpc-h,q17,1,0.0619,8.48,1,/Users/harbor/.codex/worktrees/4f87/NovaRocks/logs/baseline/20260622-231416-tpc-baseline/plans/analyze/tpc-h/q17.result
tpc-h,q18,1,0.0957,91.16,9,/Users/harbor/.codex/worktrees/4f87/NovaRocks/logs/baseline/20260622-231416-tpc-baseline/plans/analyze/tpc-h/q18.result
tpc-h,q19,1,0.0673,6,1,/Users/harbor/.codex/worktrees/4f87/NovaRocks/logs/baseline/20260622-231416-tpc-baseline/plans/analyze/tpc-h/q19.result
tpc-h,q2,1,0.1352,1.27,100,/Users/harbor/.codex/worktrees/4f87/NovaRocks/logs/baseline/20260622-231416-tpc-baseline/plans/analyze/tpc-h/q2.result
tpc-h,q20,1,0.0545,1.55,193,/Users/harbor/.codex/worktrees/4f87/NovaRocks/logs/baseline/20260622-231416-tpc-baseline/plans/analyze/tpc-h/q20.result
tpc-h,q21,1,0.1951,10.6,100,/Users/harbor/.codex/worktrees/4f87/NovaRocks/logs/baseline/20260622-231416-tpc-baseline/plans/analyze/tpc-h/q21.result
tpc-h,q22,1,0.0337,0.4266,5,/Users/harbor/.codex/worktrees/4f87/NovaRocks/logs/baseline/20260622-231416-tpc-baseline/plans/analyze/tpc-h/q22.result
tpc-h,q3,1,0.0491,2.87,10,/Users/harbor/.codex/worktrees/4f87/NovaRocks/logs/baseline/20260622-231416-tpc-baseline/plans/analyze/tpc-h/q3.result
tpc-h,q4,1,0.0444,2.05,5,/Users/harbor/.codex/worktrees/4f87/NovaRocks/logs/baseline/20260622-231416-tpc-baseline/plans/analyze/tpc-h/q4.result
tpc-h,q5,1,0.1061,3,5,/Users/harbor/.codex/worktrees/4f87/NovaRocks/logs/baseline/20260622-231416-tpc-baseline/plans/analyze/tpc-h/q5.result
tpc-h,q6,1,0.0306,0.4168,1,/Users/harbor/.codex/worktrees/4f87/NovaRocks/logs/baseline/20260622-231416-tpc-baseline/plans/analyze/tpc-h/q6.result
tpc-h,q7,1,0.126,3.04,4,/Users/harbor/.codex/worktrees/4f87/NovaRocks/logs/baseline/20260622-231416-tpc-baseline/plans/analyze/tpc-h/q7.result
tpc-h,q8,1,0.2032,4.67,2,/Users/harbor/.codex/worktrees/4f87/NovaRocks/logs/baseline/20260622-231416-tpc-baseline/plans/analyze/tpc-h/q8.result
tpc-h,q9,1,0.1393,24.26,175,/Users/harbor/.codex/worktrees/4f87/NovaRocks/logs/baseline/20260622-231416-tpc-baseline/plans/analyze/tpc-h/q9.result
