suite,case,elapsed_sec,joins_sr,joins_nr,broadcast_join_sr,broadcast_join_nr,partitioned_join_sr,partitioned_join_nr,shuffle_exchange_sr,shuffle_exchange_nr,broadcast_exchange_sr,broadcast_exchange_nr,runtime_filter_build_sr,runtime_filter_build_nr,runtime_filter_probe_sr,runtime_filter_probe_nr,scan_sr,scan_nr,agg_sr,agg_nr,sort_topn_sr,sort_topn_nr,max_card_rows_sr,max_card_rows_nr,gap_tags
tpc-h,q18,91.26,3,3,1,0,2,3,5,7,1,0,3,2,4,0,4,4,4,4,2,1,0,6001215,RFProbe更少(-4);RFBuild更少(-1)
tpc-ds,q14.s1,39.85,19,22,19,15,0,5,18,16,22,5,21,18,27,15,25,25,12,9,1,1,0,4903874,ShuffleExchange更少(-2);RFProbe更少(-12);RFBuild更少(-3);Agg节点更少(-3)
tpc-ds,q14.s2,39.85,19,21,18,16,1,3,9,10,19,2,23,18,30,16,24,24,6,4,1,1,0,4903874,RFProbe更少(-14);RFBuild更少(-5);Agg节点更少(-2)
tpc-ds,q23.s1,32.14,11,12,8,10,3,2,15,7,9,4,11,10,12,10,12,12,10,10,0,0,0,2750652,BroadcastJoin更多(+2);PartitionedJoin更少(-1);ShuffleExchange更少(-8);RFProbe更少(-2);RFBuild更少(-1)
tpc-ds,q23.s2,32.14,13,14,10,13,3,0,16,5,11,0,13,13,20,13,14,14,12,12,3,3,0,2750652,BroadcastJoin更多(+3);PartitionedJoin更少(-3);ShuffleExchange更少(-11);RFProbe更少(-7)
tpc-ds,q64,31.64,19,19,15,17,4,2,13,6,15,1,23,21,45,12,19,19,4,4,1,1,0,1728720,BroadcastJoin更多(+2);PartitionedJoin更少(-2);ShuffleExchange更少(-7);RFProbe更少(-33);RFBuild更少(-2)
tpc-h,q9,24.40,5,5,3,5,2,0,6,1,3,1,6,6,13,4,6,6,2,2,1,1,0,41364136,BroadcastJoin更多(+2);PartitionedJoin更少(-2);ShuffleExchange更少(-5);RFProbe更少(-9)
tpc-ds,q88,22.14,24,31,24,24,0,0,6,0,31,0,24,24,24,24,32,32,16,16,0,0,0,2508180,ShuffleExchange更少(-6)
tpc-ds,q9,20.82,0,15,0,0,0,0,0,0,15,0,0,0,0,0,16,16,30,30,0,0,0,1058000,
tpc-ds,q28,19.67,0,5,0,0,0,0,15,6,5,0,0,0,0,0,6,6,24,24,0,0,0,445717,ShuffleExchange更少(-9)
tpc-ds,q51,16.17,3,3,2,2,1,1,7,7,2,0,2,2,2,2,4,4,4,4,4,4,0,2475280,
tpc-ds,q20,14.51,2,2,2,2,0,0,2,2,2,0,2,2,2,2,3,3,2,2,2,2,0,1290931,
tpc-ds,q98,14.05,2,2,2,2,0,0,3,2,2,0,2,2,2,2,3,3,2,2,2,2,0,2475280,ShuffleExchange更少(-1)
tpc-ds,q70,13.80,5,5,3,5,2,0,6,2,3,0,5,5,5,4,6,6,4,4,4,3,0,7878450,BroadcastJoin更多(+2);PartitionedJoin更少(-2);ShuffleExchange更少(-4);RFProbe更少(-1)
tpc-ds,q75,13.39,10,10,9,8,1,2,6,8,9,0,10,10,10,6,12,12,4,3,1,1,0,2475280,RFProbe更少(-4);Agg节点更少(-1)
tpc-ds,q57,12.77,5,5,3,5,2,0,8,3,3,1,11,11,19,3,4,4,2,2,2,2,0,1284555,BroadcastJoin更多(+2);PartitionedJoin更少(-2);ShuffleExchange更少(-5);RFProbe更少(-16)
tpc-ds,q63,12.63,3,3,3,3,0,0,2,2,3,0,3,3,3,3,4,4,2,2,2,2,0,2363535,
tpc-ds,q89,12.53,3,3,3,3,0,0,2,2,3,0,3,3,3,3,4,4,2,2,2,2,0,2363535,
tpc-ds,q47,12.39,5,5,3,5,2,0,8,3,3,1,13,13,23,3,4,4,2,2,2,2,0,2363535,BroadcastJoin更多(+2);PartitionedJoin更少(-2);ShuffleExchange更少(-5);RFProbe更少(-20)
tpc-ds,q53,12.25,3,3,3,3,0,0,2,2,3,0,3,3,3,3,4,4,2,2,2,2,0,2363535,
tpc-ds,q78,11.66,8,8,6,8,2,0,3,3,6,0,3,3,3,0,9,9,6,6,1,1,0,2880404,BroadcastJoin更多(+2);PartitionedJoin更少(-2);RFProbe更少(-3)
tpc-h,q21,10.80,5,5,2,3,3,2,3,5,2,0,4,3,9,2,6,6,2,2,1,1,0,5401094,BroadcastJoin更多(+1);PartitionedJoin更少(-1);RFProbe更少(-7);RFBuild更少(-1)
tpc-ds,q24.s1,10.65,5,6,5,5,0,0,6,1,6,4,7,7,11,7,6,6,6,5,1,1,0,2127445,ShuffleExchange更少(-5);RFProbe更少(-4);Agg节点更少(-1)
tpc-ds,q24.s2,10.65,5,6,5,5,0,0,6,1,6,4,7,7,11,7,6,6,6,5,1,1,0,2127445,ShuffleExchange更少(-5);RFProbe更少(-4);Agg节点更少(-1)
tpc-ds,q29,10.22,7,7,6,7,1,0,3,1,6,5,10,10,16,10,8,8,2,2,2,1,0,2031359,BroadcastJoin更多(+1);PartitionedJoin更少(-1);ShuffleExchange更少(-2);RFProbe更少(-6)
tpc-ds,q17,10.20,7,7,6,7,1,0,3,0,6,7,10,10,16,10,8,8,2,1,2,1,0,2031359,BroadcastJoin更多(+1);PartitionedJoin更少(-1);ShuffleExchange更少(-3);RFProbe更少(-6);Agg节点更少(-1)
tpc-ds,q80,10.05,15,15,15,15,0,0,5,4,15,0,12,12,12,0,18,18,8,8,1,1,0,2257286,ShuffleExchange更少(-1);RFProbe更少(-12)
tpc-ds,q4,9.15,11,11,3,11,8,0,23,3,3,4,11,11,31,6,9,9,6,6,1,1,0,4749109,BroadcastJoin更多(+8);PartitionedJoin更少(-8);ShuffleExchange更少(-20);RFProbe更少(-25)
tpc-ds,q25,8.68,7,7,6,6,1,1,3,3,6,4,10,7,16,7,8,8,2,2,2,1,0,2031359,RFProbe更少(-9);RFBuild更少(-3)
tpc-h,q17,8.55,1,1,0,1,1,0,3,1,0,1,1,1,1,1,2,2,2,2,1,1,0,5401094,BroadcastJoin更多(+1);PartitionedJoin更少(-1);ShuffleExchange更少(-2)
tpc-ds,q44,8.32,3,5,1,3,2,1,12,4,3,2,3,3,3,2,6,6,8,8,3,3,0,480067,BroadcastJoin更多(+2);PartitionedJoin更少(-1);ShuffleExchange更少(-8);RFProbe更少(-1)
tpc-ds,q49,8.10,6,6,3,5,3,2,13,9,3,0,9,3,9,0,9,9,8,8,8,4,0,1394359,BroadcastJoin更多(+2);PartitionedJoin更少(-1);ShuffleExchange更少(-4);RFProbe更少(-9);RFBuild更少(-6)
tpc-ds,q61,7.92,11,12,11,10,0,1,0,2,12,1,11,10,13,9,13,13,4,4,1,1,0,2257066,RFProbe更少(-4);RFBuild更少(-1)
tpc-ds,q54,7.90,7,9,5,7,2,0,7,0,6,2,8,8,17,6,11,11,8,5,1,1,0,2626419,BroadcastJoin更多(+2);PartitionedJoin更少(-2);ShuffleExchange更少(-7);RFProbe更少(-11);Agg节点更少(-3)
tpc-ds,q33,7.61,12,12,9,9,3,6,11,9,9,0,12,9,12,9,15,15,8,7,1,1,0,2363586,ShuffleExchange更少(-2);RFProbe更少(-3);RFBuild更少(-3);Agg节点更少(-1)
tpc-ds,q65,7.55,5,5,4,3,1,1,4,3,4,0,5,5,10,2,6,6,6,6,1,1,0,2626150,ShuffleExchange更少(-1);RFProbe更少(-8)
tpc-ds,q27,7.52,4,4,3,4,1,0,3,1,3,0,4,4,6,4,5,5,2,2,2,1,0,2257109,BroadcastJoin更多(+1);PartitionedJoin更少(-1);ShuffleExchange更少(-2);RFProbe更少(-2)
tpc-ds,q35,7.24,7,7,4,6,3,3,6,3,4,1,7,7,9,6,9,9,2,2,2,1,0,2626419,BroadcastJoin更多(+2);ShuffleExchange更少(-3);RFProbe更少(-3)
tpc-ds,q13,7.16,5,5,4,5,1,0,3,0,4,3,5,5,9,5,6,6,2,2,0,0,0,182421,BroadcastJoin更多(+1);PartitionedJoin更少(-1);ShuffleExchange更少(-3);RFProbe更少(-4)
tpc-ds,q76,6.93,6,6,2,6,4,0,10,1,2,4,6,6,8,6,9,9,2,2,2,1,0,111745,BroadcastJoin更多(+4);PartitionedJoin更少(-4);ShuffleExchange更少(-9);RFProbe更少(-2)
tpc-ds,q5,6.89,7,7,6,6,1,1,7,6,6,0,8,8,26,0,13,13,8,8,1,1,0,3167918,ShuffleExchange更少(-1);RFProbe更少(-26)
tpc-ds,q72,6.79,10,10,8,9,2,1,5,3,8,0,9,9,17,5,11,11,2,2,1,1,0,8562105,BroadcastJoin更多(+1);PartitionedJoin更少(-1);ShuffleExchange更少(-2);RFProbe更少(-12)
tpc-ds,q60,6.67,12,12,9,9,3,6,11,9,9,0,12,9,12,9,15,15,8,7,1,1,0,2363586,ShuffleExchange更少(-2);RFProbe更少(-3);RFBuild更少(-3);Agg节点更少(-1)
tpc-ds,q56,6.53,12,12,9,9,3,6,11,9,9,0,12,9,12,9,15,15,8,7,1,1,0,2363586,ShuffleExchange更少(-2);RFProbe更少(-3);RFBuild更少(-3);Agg节点更少(-1)
tpc-ds,q58,6.45,14,14,12,14,2,0,3,3,12,1,14,14,21,11,15,15,6,6,1,1,0,2475280,BroadcastJoin更多(+2);PartitionedJoin更少(-2);RFProbe更少(-10)
tpc-ds,q71,6.35,5,5,5,5,0,0,2,1,5,3,5,5,15,4,8,8,2,2,1,1,0,2750311,ShuffleExchange更少(-1);RFProbe更少(-11)
tpc-ds,q12,6.20,2,2,2,2,0,0,2,2,2,0,2,2,2,2,3,3,2,2,2,2,0,647276,
tpc-ds,q8,6.10,4,4,3,3,1,1,6,6,3,0,4,3,4,2,6,6,4,4,2,1,0,27181618,RFProbe更少(-2);RFBuild更少(-1)
ssb,q4.1,6.07,4,4,4,4,0,0,2,1,4,0,4,4,4,4,5,5,2,2,1,1,0,3937368,ShuffleExchange更少(-1)
tpc-h,q19,6.07,1,1,1,1,0,0,0,0,1,0,1,1,1,1,2,2,2,2,0,0,0,1174001,
tpc-ds,q18,5.86,6,6,4,5,2,2,5,2,4,1,6,5,10,5,7,7,2,1,2,1,0,1728720,BroadcastJoin更多(+1);ShuffleExchange更少(-3);RFProbe更少(-5);RFBuild更少(-1);Agg节点更少(-1)
tpc-ds,q77,5.78,12,13,6,12,6,0,10,6,7,1,10,10,10,10,16,16,10,15,2,1,0,2626150,BroadcastJoin更多(+6);PartitionedJoin更少(-6);ShuffleExchange更少(-4)
tpc-ds,q11,5.68,7,7,3,7,4,0,14,2,3,2,7,7,17,4,6,6,4,4,1,1,0,3321735,BroadcastJoin更多(+4);PartitionedJoin更少(-4);ShuffleExchange更少(-12);RFProbe更少(-13)
tpc-ds,q48,5.57,4,4,3,4,1,0,3,0,3,0,4,4,6,2,5,5,2,2,0,0,0,471686,BroadcastJoin更多(+1);PartitionedJoin更少(-1);ShuffleExchange更少(-3);RFProbe更少(-4)
tpc-ds,q16,5.55,5,5,4,4,1,2,4,3,4,0,4,4,7,3,6,6,4,4,1,1,0,1420222,ShuffleExchange更少(-1);RFProbe更少(-4)
tpc-ds,q46,5.53,6,6,6,6,0,0,1,1,6,0,6,6,8,6,7,7,2,2,1,1,0,2286736,RFProbe更少(-2)
tpc-ds,q66,5.52,8,8,8,8,0,0,4,2,8,0,8,8,8,8,10,10,6,5,2,1,0,1413253,ShuffleExchange更少(-2);Agg节点更少(-1)
tpc-ds,q38,5.42,6,6,3,6,3,0,12,3,3,0,6,6,6,6,9,9,8,8,0,0,0,2626419,BroadcastJoin更多(+3);PartitionedJoin更少(-3);ShuffleExchange更少(-9)
tpc-ds,q68,5.37,6,6,6,4,0,3,1,5,6,1,6,4,8,4,7,7,2,2,1,1,0,2286736,RFProbe更少(-4);RFBuild更少(-2)
tpc-ds,q7,5.35,4,4,3,4,1,0,3,1,3,0,4,4,5,4,5,5,2,2,2,1,0,2257560,BroadcastJoin更多(+1);PartitionedJoin更少(-1);ShuffleExchange更少(-2);RFProbe更少(-1)
tpc-ds,q10,5.32,7,7,4,7,3,0,6,1,4,1,7,7,8,5,9,9,2,2,2,1,0,2626419,BroadcastJoin更多(+3);PartitionedJoin更少(-3);ShuffleExchange更少(-5);RFProbe更少(-3)
tpc-ds,q97,5.22,3,3,2,2,1,1,3,4,2,0,2,2,2,2,4,4,6,6,0,0,0,2750311,
tpc-ds,q34,5.20,4,4,4,4,0,0,1,1,4,0,4,4,4,4,5,5,2,2,1,1,0,2507765,
tpc-ds,q50,5.19,4,4,4,4,0,0,1,1,4,3,6,6,6,6,5,5,2,2,2,1,0,2031359,
tpc-ds,q87,5.11,6,6,3,6,3,0,12,3,3,0,6,6,6,6,9,9,8,8,0,0,0,2626419,BroadcastJoin更多(+3);PartitionedJoin更少(-3);ShuffleExchange更少(-9)
tpc-ds,q26,4.96,4,4,3,4,1,0,3,1,3,0,4,4,5,4,5,5,2,2,2,1,0,1278082,BroadcastJoin更多(+1);PartitionedJoin更少(-1);ShuffleExchange更少(-2);RFProbe更少(-1)
tpc-ds,q79,4.94,4,4,4,4,0,0,1,1,4,0,4,4,5,4,5,5,2,2,1,1,0,2394799,RFProbe更少(-1)
tpc-h,q8,4.88,7,7,7,5,0,3,2,5,7,3,7,7,10,5,8,8,2,2,1,1,0,4374886,RFProbe更少(-5)
ssb,q4.2,4.84,4,4,4,4,0,0,2,1,4,0,4,4,4,4,5,5,2,2,1,1,0,3937368,ShuffleExchange更少(-1)
tpc-ds,q69,4.83,8,8,4,8,4,0,7,1,4,0,6,6,6,5,9,9,2,2,2,1,0,2626419,BroadcastJoin更多(+4);PartitionedJoin更少(-4);ShuffleExchange更少(-6);RFProbe更少(-1)
tpc-ds,q67,4.79,3,3,3,3,0,0,6,2,3,0,3,3,3,3,4,4,4,2,3,2,0,19020155,ShuffleExchange更少(-4);Agg节点更少(-2)
tpc-ds,q93,4.58,2,2,2,2,0,0,1,1,2,0,3,1,3,0,3,3,2,2,1,1,0,2880404,RFProbe更少(-3);RFBuild更少(-2)
ssb,q4.3,4.48,4,4,4,4,0,0,2,1,4,0,4,4,4,4,5,5,2,2,1,1,0,3937368,ShuffleExchange更少(-1)
ssb,q3.2,4.43,3,3,3,3,0,0,2,1,3,0,3,3,3,3,4,4,2,2,1,1,0,4374854,ShuffleExchange更少(-1)
tpc-ds,q85,4.39,7,7,5,7,2,0,5,1,5,6,10,10,16,10,8,8,2,2,1,1,0,360068,BroadcastJoin更多(+2);PartitionedJoin更少(-2);ShuffleExchange更少(-4);RFProbe更少(-6)
tpc-ds,q31,4.34,9,9,4,9,5,0,16,2,4,2,9,9,23,4,6,6,4,4,1,1,0,2626206,BroadcastJoin更多(+5);PartitionedJoin更少(-5);ShuffleExchange更少(-14);RFProbe更少(-19)
tpc-ds,q19,4.31,5,5,5,5,0,0,1,1,5,1,5,5,6,4,6,6,2,2,1,1,0,2257066,RFProbe更少(-2)
ssb,q2.1,4.30,3,3,3,3,0,0,2,1,3,0,3,3,3,3,4,4,2,2,1,1,0,4374854,ShuffleExchange更少(-1)
ssb,q3.3,4.28,3,3,3,3,0,0,2,1,3,0,3,3,3,3,4,4,2,2,1,1,0,4374854,ShuffleExchange更少(-1)
tpc-ds,q74,4.21,7,7,3,7,4,0,14,2,3,2,7,7,17,4,6,6,4,4,1,1,0,2626419,BroadcastJoin更多(+4);PartitionedJoin更少(-4);ShuffleExchange更少(-12);RFProbe更少(-13)
ssb,q3.1,4.12,3,3,3,3,0,0,2,1,3,0,3,3,3,3,4,4,2,2,1,1,0,4374854,ShuffleExchange更少(-1)
tpc-ds,q73,4.10,4,4,4,4,0,0,1,1,4,0,4,4,4,4,5,5,2,2,1,1,0,2507765,
tpc-ds,q32,4.07,4,4,2,3,2,1,3,2,2,1,4,3,7,3,5,5,4,4,0,0,0,1434368,BroadcastJoin更多(+1);PartitionedJoin更少(-1);ShuffleExchange更少(-1);RFProbe更少(-4);RFBuild更少(-1)
tpc-ds,q95,3.92,7,7,3,3,4,4,9,11,3,1,7,6,9,3,7,7,4,4,1,1,0,5198549,RFProbe更少(-6);RFBuild更少(-1)
tpc-h,q1,3.88,0,0,0,0,0,0,2,1,0,0,0,0,0,0,1,1,2,2,1,1,0,5941203,ShuffleExchange更少(-1)
tpc-h,q10,3.88,3,3,2,1,1,3,3,5,2,0,3,1,3,1,4,4,2,2,1,1,0,1350273,RFProbe更少(-2);RFBuild更少(-2)
tpc-ds,q99,3.85,4,4,4,4,0,0,1,1,4,0,4,4,4,4,5,5,2,2,2,1,0,1413219,
ssb,q3.4,3.83,3,3,3,3,0,0,2,1,3,0,3,3,3,3,4,4,2,2,1,1,0,4374854,ShuffleExchange更少(-1)
tpc-ds,q6,3.71,6,6,6,6,0,0,4,2,6,0,6,5,8,4,7,7,6,5,1,1,0,2363777,ShuffleExchange更少(-2);RFProbe更少(-4);RFBuild更少(-1);Agg节点更少(-1)
tpc-ds,q36,3.70,3,3,3,3,0,0,2,1,3,0,3,3,3,3,4,4,2,2,2,2,0,2363535,ShuffleExchange更少(-1)
tpc-ds,q40,3.65,4,4,4,4,0,0,1,1,4,0,3,3,5,0,5,5,2,2,2,1,0,1284532,RFProbe更少(-5)
tpc-ds,q15,3.55,3,3,1,3,2,0,5,1,1,0,3,3,3,2,4,4,2,2,2,1,0,1427374,BroadcastJoin更多(+2);PartitionedJoin更少(-2);ShuffleExchange更少(-4);RFProbe更少(-1)
tpc-ds,q81,3.28,5,5,2,3,3,2,10,4,2,0,5,3,7,1,5,5,4,4,1,1,0,120823694,BroadcastJoin更多(+1);PartitionedJoin更少(-1);ShuffleExchange更少(-6);RFProbe更少(-6);RFBuild更少(-2)
tpc-h,q7,3.17,5,5,4,4,1,3,4,3,4,0,5,5,9,2,6,6,2,2,1,1,0,1992241,ShuffleExchange更少(-1);RFProbe更少(-7)
tpc-ds,q39.s1,3.13,4,4,3,4,1,0,6,0,3,1,5,5,5,3,4,4,2,1,1,1,0,8562105,BroadcastJoin更多(+1);PartitionedJoin更少(-1);ShuffleExchange更少(-6);RFProbe更少(-2);Agg节点更少(-1)
tpc-ds,q39.s2,3.13,4,4,3,4,1,0,6,0,3,1,5,5,5,3,4,4,2,1,1,1,0,8562105,BroadcastJoin更多(+1);PartitionedJoin更少(-1);ShuffleExchange更少(-6);RFProbe更少(-2);Agg节点更少(-1)
tpc-h,q5,3.11,5,5,5,5,0,0,2,1,5,1,6,6,11,4,6,6,2,2,1,1,0,4860984,ShuffleExchange更少(-1);RFProbe更少(-7)
ssb,q1.3,3.08,1,1,1,1,0,0,0,0,1,0,1,1,1,1,2,2,2,2,0,0,0,944791,
ssb,q2.3,2.97,3,3,3,3,0,0,2,1,3,0,3,3,3,3,4,4,2,2,1,1,0,4374854,ShuffleExchange更少(-1)
tpc-ds,q43,2.92,2,2,2,2,0,0,1,1,2,0,2,2,2,2,3,3,2,2,1,1,0,2626150,
tpc-h,q3,2.92,2,2,1,1,1,1,2,3,1,1,2,2,2,1,3,3,1,2,1,1,0,2911243,RFProbe更少(-1)
tpc-ds,q59,2.87,7,6,6,6,1,0,4,1,6,2,8,6,13,5,8,6,4,2,1,1,0,2750311,PartitionedJoin更少(-1);ShuffleExchange更少(-3);RFProbe更少(-8);RFBuild更少(-2);Agg节点更少(-2)
tpc-ds,q3,2.85,2,2,2,2,0,0,1,1,2,0,2,2,2,2,3,3,2,2,1,1,0,2475280,
ssb,q2.2,2.83,3,3,3,3,0,0,2,1,3,0,3,3,3,3,4,4,2,2,1,1,0,4374854,ShuffleExchange更少(-1)
tpc-ds,q96,2.81,3,3,3,3,0,0,0,0,3,0,3,3,3,3,4,4,2,2,1,1,0,2508180,
tpc-ds,q42,2.75,2,2,2,2,0,0,1,1,2,0,2,2,2,2,3,3,2,2,1,1,0,2475280,
ssb,q1.2,2.67,1,1,1,1,0,0,0,0,1,0,1,1,1,1,2,2,2,2,0,0,0,964474,
tpc-ds,q94,2.67,5,5,4,4,1,2,4,3,4,0,4,4,7,3,6,6,4,4,1,1,0,718843,ShuffleExchange更少(-1);RFProbe更少(-4)
tpc-ds,q2,2.49,4,4,3,3,1,1,6,3,3,0,4,3,9,1,5,5,2,2,1,1,0,2160932,ShuffleExchange更少(-3);RFProbe更少(-8);RFBuild更少(-1)
ssb,q1.1,2.41,1,1,1,1,0,0,0,0,1,0,1,1,1,1,2,2,2,2,0,0,0,1047584,
tpc-ds,q52,2.39,2,2,2,2,0,0,1,1,2,0,2,2,2,2,3,3,2,2,1,1,0,2475280,
tpc-ds,q55,2.36,2,2,2,2,0,0,1,1,2,0,2,2,2,2,3,3,2,2,1,1,0,2475280,
tpc-ds,q90,2.36,6,7,6,6,0,0,0,0,7,0,6,6,6,6,8,8,4,4,1,1,0,718844,
tpc-ds,q45,2.21,5,7,4,4,1,4,7,2,5,0,4,3,6,3,6,8,6,2,2,1,0,647125,ShuffleExchange更少(-5);RFProbe更少(-3);RFBuild更少(-1);Agg节点更少(-4)
tpc-ds,q82,2.19,3,3,1,3,2,0,4,1,1,2,3,3,4,3,4,4,2,2,2,1,0,4294381,BroadcastJoin更多(+2);PartitionedJoin更少(-2);ShuffleExchange更少(-3);RFProbe更少(-1)
tpc-h,q11,2.13,4,5,4,4,0,0,2,1,5,0,4,4,4,2,6,6,4,4,1,1,0,720000,ShuffleExchange更少(-1);RFProbe更少(-2)
tpc-h,q4,2.10,1,1,0,0,1,1,4,3,0,0,1,0,1,0,2,2,2,2,1,1,0,2700547,ShuffleExchange更少(-1);RFProbe更少(-1);RFBuild更少(-1)
tpc-ds,q92,2.04,4,4,2,3,2,1,3,2,2,1,4,3,7,3,5,5,4,4,1,1,0,719195,BroadcastJoin更多(+1);PartitionedJoin更少(-1);ShuffleExchange更少(-1);RFProbe更少(-4);RFBuild更少(-1)
tpc-ds,q37,1.86,3,3,1,3,2,0,4,1,1,2,3,3,4,3,4,4,2,2,2,1,0,4294381,BroadcastJoin更多(+2);PartitionedJoin更少(-2);ShuffleExchange更少(-3);RFProbe更少(-1)
tpc-h,q12,1.80,1,1,1,1,0,0,2,1,1,0,1,1,1,1,2,2,2,2,1,1,0,1350000,ShuffleExchange更少(-1)
tpc-ds,q83,1.78,14,14,6,14,8,0,15,3,6,1,14,14,21,11,15,15,6,6,1,1,0,249752,BroadcastJoin更多(+8);PartitionedJoin更少(-8);ShuffleExchange更少(-12);RFProbe更少(-10)
tpc-ds,q62,1.65,4,4,4,4,0,0,1,1,4,0,4,4,4,4,5,5,2,2,2,1,0,718668,
tpc-h,q20,1.60,4,4,1,3,3,1,7,2,1,0,5,3,9,3,5,5,2,2,1,1,0,1484889,BroadcastJoin更多(+2);PartitionedJoin更少(-2);ShuffleExchange更少(-5);RFProbe更少(-6);RFBuild更少(-2)
tpc-h,q13,1.49,1,1,0,0,1,1,4,4,0,0,1,1,1,0,2,2,3,4,1,1,0,1500000,RFProbe更少(-1)
tpc-ds,q22,1.40,2,2,2,2,0,0,1,1,2,0,2,2,2,2,3,3,2,2,1,1,0,42532172,
tpc-h,q2,1.40,4,4,4,4,0,0,1,1,4,2,4,4,4,4,5,5,0,0,2,2,0,648000,
tpc-ds,q21,1.21,3,3,3,3,0,0,1,1,3,0,3,3,3,3,4,4,2,2,1,1,0,8562105,
tpc-ds,q30,1.17,5,5,4,4,1,1,6,2,4,1,6,4,8,2,5,5,4,4,1,1,0,27299683,ShuffleExchange更少(-4);RFProbe更少(-6);RFBuild更少(-2)
tpc-ds,q86,1.10,2,2,2,2,0,0,2,1,2,0,2,2,2,2,3,3,2,2,2,2,0,1736281,ShuffleExchange更少(-1)
tpc-h,q16,0.96,2,2,1,2,1,0,4,0,1,1,1,1,1,1,3,3,3,1,1,1,0,720000,BroadcastJoin更多(+1);PartitionedJoin更少(-1);ShuffleExchange更少(-4);Agg节点更少(-2)
tpc-ds,q91,0.84,6,6,6,6,0,0,2,1,6,2,6,6,11,4,7,7,2,2,1,1,0,124614,ShuffleExchange更少(-1);RFProbe更少(-7)
tpc-ds,q1,0.51,4,4,3,3,1,2,6,5,3,1,4,3,8,1,4,4,4,4,1,1,0,277502,ShuffleExchange更少(-1);RFProbe更少(-7);RFBuild更少(-1)
tpc-ds,q84,0.51,5,5,3,5,2,0,3,0,3,3,5,5,11,5,6,6,0,0,1,1,0,1728720,BroadcastJoin更多(+2);PartitionedJoin更少(-2);ShuffleExchange更少(-3);RFProbe更少(-6)
tpc-h,q22,0.46,1,2,0,0,1,1,4,3,1,0,1,0,1,0,3,3,4,4,1,1,0,1500000,ShuffleExchange更少(-1);RFProbe更少(-1);RFBuild更少(-1)
tpc-h,q15,0.45,2,2,1,2,1,0,5,2,0,0,2,2,3,1,3,3,6,6,1,1,0,1609580,BroadcastJoin更多(+1);PartitionedJoin更少(-1);ShuffleExchange更少(-3);RFProbe更少(-2)
tpc-h,q6,0.45,0,0,0,0,0,0,0,0,0,0,0,0,0,0,1,1,2,2,0,0,0,904713,
tpc-h,q14,0.33,1,1,0,1,1,0,3,0,0,0,1,1,1,1,2,2,2,2,0,0,0,1068308,BroadcastJoin更多(+1);PartitionedJoin更少(-1);ShuffleExchange更少(-3)
tpc-ds,q41,0.14,1,1,1,1,0,0,2,1,1,0,2,0,2,0,2,2,4,3,2,1,0,11602,ShuffleExchange更少(-1);RFProbe更少(-2);RFBuild更少(-2);Agg节点更少(-1)
