suite,case,elapsed_sec,joins_sr,joins_nr,broadcast_join_sr,broadcast_join_nr,partitioned_join_sr,partitioned_join_nr,runtime_filter_build_sr,runtime_filter_build_nr,runtime_filter_probe_sr,runtime_filter_probe_nr,scan_sr,scan_nr,agg_sr,agg_nr,shuffle_exchange_sr,shuffle_exchange_nr,broadcast_exchange_sr,broadcast_exchange_nr,gather_exchange_sr,gather_exchange_nr,max_est_rows_sr,max_est_rows_nr,plan_gap_tags
tpc-h,q18,91.26,3,3,1,0,1,3,3,2,3,0,4,4,8,4,5,7,1,0,2,1,5401094,6001215,rf_probe_less(-3);rf_build_less(-1);agg_count_less(-4)
tpc-ds,q14.s1,39.85,22,22,19,15,0,4,19,18,16,15,25,25,24,9,16,13,22,0,6,23,4458162,4903874,shuffle_less(-3);rf_probe_less(-1);rf_build_less(-1);agg_count_less(-15)
tpc-ds,q14.s2,39.85,21,21,18,16,0,3,19,18,16,16,24,24,12,4,9,8,20,0,7,23,4458162,4903874,shuffle_less(-1);rf_build_less(-1);agg_count_less(-8)
tpc-ds,q23.s1,32.14,12,12,8,10,3,1,11,10,7,10,12,12,20,10,13,5,9,0,2,13,2592364,2750652,broadcast_more(+2);partitioned_less(-2);shuffle_less(-8);rf_build_less(-1);agg_count_less(-10)
tpc-ds,q23.s2,32.14,14,14,10,13,3,0,13,13,12,13,14,14,24,12,15,5,11,0,7,18,2592364,2750652,broadcast_more(+3);partitioned_less(-3);shuffle_less(-10);agg_count_less(-12)
tpc-ds,q64,31.64,19,19,15,17,4,2,19,21,15,12,19,19,8,4,12,6,15,0,2,18,2333127,1728720,broadcast_more(+2);partitioned_less(-2);shuffle_less(-6);rf_probe_less(-3);agg_count_less(-4)
tpc-h,q9,24.40,5,5,3,5,2,0,5,6,6,4,6,6,4,2,5,1,3,0,2,6,4860984,41364136,broadcast_more(+2);partitioned_less(-2);shuffle_less(-4);rf_probe_less(-2);agg_count_less(-2)
tpc-ds,q88,22.14,31,31,24,24,0,0,24,24,8,24,32,32,32,16,0,0,31,0,8,32,2592364,2508180,agg_count_less(-16)
tpc-ds,q9,20.82,15,15,0,0,0,0,0,0,0,0,16,16,60,30,0,0,15,0,15,16,720101,1058000,agg_count_less(-30)
tpc-ds,q28,19.67,5,5,0,0,0,0,0,0,0,0,6,6,48,24,6,6,5,0,6,6,416308,445717,agg_count_less(-24)
tpc-ds,q51,16.17,3,3,2,2,1,1,2,2,2,2,4,4,8,4,7,7,2,0,2,3,2592364,2475280,agg_count_less(-4)
tpc-ds,q20,14.51,2,2,2,2,0,0,2,2,1,2,3,3,4,2,2,2,2,0,2,3,1297393,1290931,agg_count_less(-2)
tpc-ds,q98,14.05,2,2,2,2,0,0,2,2,1,2,3,3,4,2,2,2,2,0,2,3,2592364,2475280,agg_count_less(-2)
tpc-ds,q70,13.80,5,5,3,5,1,0,5,5,3,4,6,6,8,4,6,2,3,0,2,6,7539969,7878450,broadcast_more(+2);partitioned_less(-1);shuffle_less(-4);agg_count_less(-4)
tpc-ds,q75,13.39,10,10,9,8,1,2,7,10,4,6,12,12,6,3,6,7,9,0,2,12,4537202,2475280,agg_count_less(-3)
tpc-ds,q57,12.77,5,5,3,5,1,0,5,11,5,3,4,4,4,2,8,3,3,0,2,6,1297393,1284555,broadcast_more(+2);partitioned_less(-1);shuffle_less(-5);rf_probe_less(-2);agg_count_less(-2)
tpc-ds,q63,12.63,3,3,3,3,0,0,3,3,1,3,4,4,4,2,2,2,3,0,2,4,2592364,2363535,agg_count_less(-2)
tpc-ds,q89,12.53,3,3,3,3,0,0,3,3,1,3,4,4,4,2,2,2,3,0,2,4,2592364,2363535,agg_count_less(-2)
tpc-ds,q47,12.39,5,5,3,5,1,0,5,13,5,3,4,4,4,2,8,3,3,0,2,6,2592364,2363535,broadcast_more(+2);partitioned_less(-1);shuffle_less(-5);rf_probe_less(-2);agg_count_less(-2)
tpc-ds,q53,12.25,3,3,3,3,0,0,3,3,1,3,4,4,4,2,2,2,3,0,2,4,2592364,2363535,agg_count_less(-2)
tpc-ds,q78,11.66,8,8,6,8,0,0,3,3,3,0,9,9,12,6,3,3,6,0,2,9,2513323,2880404,broadcast_more(+2);rf_probe_less(-3);agg_count_less(-6)
tpc-h,q21,10.80,5,5,2,3,1,2,4,3,7,2,6,6,4,2,5,5,2,0,2,4,5401094,5401094,broadcast_more(+1);rf_probe_less(-5);rf_build_less(-1);agg_count_less(-2)
tpc-ds,q24.s1,10.65,6,6,5,5,0,0,5,7,7,7,6,6,12,5,4,1,6,0,3,7,2333127,2127445,shuffle_less(-3);agg_count_less(-7)
tpc-ds,q24.s2,10.65,6,6,5,5,0,0,5,7,7,7,6,6,12,5,4,1,6,0,3,7,2333127,2127445,shuffle_less(-3);agg_count_less(-7)
tpc-ds,q29,10.22,7,7,6,7,1,0,7,10,6,10,8,8,4,2,3,1,6,0,2,8,2099815,2031359,broadcast_more(+1);partitioned_less(-1);shuffle_less(-2);agg_count_less(-2)
tpc-ds,q17,10.20,7,7,6,7,1,0,7,10,6,10,8,8,4,1,3,0,6,0,2,8,2099815,2031359,broadcast_more(+1);partitioned_less(-1);shuffle_less(-3);agg_count_less(-3)
tpc-ds,q80,10.05,15,15,15,15,0,0,12,12,3,0,18,18,16,8,4,4,15,0,2,16,3343621,2257286,rf_probe_less(-3);agg_count_less(-8)
tpc-ds,q4,9.15,11,11,3,11,5,0,11,11,16,6,9,9,12,6,22,3,3,0,2,12,2592364,4749109,broadcast_more(+8);partitioned_less(-5);shuffle_less(-19);rf_probe_less(-10);agg_count_less(-6)
tpc-ds,q25,8.68,7,7,6,6,1,1,7,7,6,7,8,8,4,2,3,3,6,0,2,7,2099815,2031359,agg_count_less(-2)
tpc-h,q17,8.55,1,1,0,1,1,0,1,1,1,1,2,2,4,2,2,1,0,0,1,2,5401094,5401094,broadcast_more(+1);partitioned_less(-1);shuffle_less(-1);agg_count_less(-2)
tpc-ds,q44,8.32,5,5,1,3,2,0,3,3,3,2,6,6,16,8,8,4,3,0,8,8,1440202,480067,broadcast_more(+2);partitioned_less(-2);shuffle_less(-4);rf_probe_less(-1);agg_count_less(-8)
tpc-ds,q49,8.10,6,6,3,5,3,1,6,3,3,0,9,9,14,8,10,8,3,0,8,11,360051,1394359,broadcast_more(+2);partitioned_less(-2);shuffle_less(-2);rf_probe_less(-3);rf_build_less(-3);agg_count_less(-6)
tpc-ds,q61,7.92,12,12,11,10,0,1,11,10,6,9,13,13,8,4,0,2,12,0,4,12,2592364,2257066,rf_build_less(-1);agg_count_less(-4)
tpc-ds,q54,7.90,9,9,5,7,1,0,7,8,9,6,11,11,11,5,6,0,7,0,4,11,2592364,2626419,broadcast_more(+2);partitioned_less(-1);shuffle_less(-6);rf_probe_less(-3);agg_count_less(-6)
tpc-ds,q33,7.61,12,12,9,9,3,3,12,9,6,9,15,15,16,7,10,9,9,0,2,10,2513323,2363586,shuffle_less(-1);rf_build_less(-3);agg_count_less(-9)
tpc-ds,q65,7.55,5,5,4,3,0,0,5,5,4,2,6,6,12,6,4,3,4,0,2,6,2592364,2626150,shuffle_less(-1);rf_probe_less(-2);agg_count_less(-6)
tpc-ds,q27,7.52,4,4,3,4,1,0,4,4,2,4,5,5,4,2,3,1,3,0,2,5,7777091,2257109,broadcast_more(+1);partitioned_less(-1);shuffle_less(-2);agg_count_less(-2)
tpc-ds,q35,7.24,7,7,4,6,2,1,7,7,7,6,9,9,4,2,6,3,4,0,2,7,2513323,2626419,broadcast_more(+2);partitioned_less(-1);shuffle_less(-3);rf_probe_less(-1);agg_count_less(-2)
tpc-ds,q13,7.16,5,5,4,5,1,0,5,5,2,5,6,6,4,2,2,0,4,0,1,6,2880404,182421,broadcast_more(+1);partitioned_less(-1);shuffle_less(-2);agg_count_less(-2)
tpc-ds,q76,6.93,6,6,2,6,4,0,6,6,6,6,9,9,4,2,9,1,2,0,2,7,497939,111745,broadcast_more(+4);partitioned_less(-4);shuffle_less(-8);agg_count_less(-2)
tpc-ds,q5,6.89,7,7,6,6,1,1,7,8,14,0,13,13,16,8,6,6,6,0,2,7,4174476,3167918,rf_probe_less(-14);agg_count_less(-8)
tpc-ds,q72,6.79,10,10,8,9,2,1,8,9,6,5,11,11,4,2,5,3,8,0,2,10,10570500,8562105,broadcast_more(+1);partitioned_less(-1);shuffle_less(-2);rf_probe_less(-1);agg_count_less(-2)
tpc-ds,q60,6.67,12,12,9,9,3,3,12,9,6,9,15,15,16,7,10,9,9,0,2,10,2513323,2363586,shuffle_less(-1);rf_build_less(-3);agg_count_less(-9)
tpc-ds,q56,6.53,12,12,9,9,3,3,12,9,6,9,15,15,16,7,10,9,9,0,2,10,2513323,2363586,shuffle_less(-1);rf_build_less(-3);agg_count_less(-9)
tpc-ds,q58,6.45,14,14,12,14,0,0,14,14,16,11,15,15,12,6,3,3,12,0,5,15,2592364,2475280,broadcast_more(+2);rf_probe_less(-5);agg_count_less(-6)
tpc-ds,q71,6.35,5,5,5,5,0,0,5,5,6,4,8,8,4,2,1,1,5,0,2,6,4537202,2750311,rf_probe_less(-2);agg_count_less(-2)
tpc-ds,q12,6.20,2,2,2,2,0,0,2,2,1,2,3,3,4,2,2,2,2,0,2,3,647446,647276,agg_count_less(-2)
tpc-ds,q8,6.10,4,4,3,3,1,1,4,3,3,2,6,6,8,4,6,6,3,0,2,4,2513323,27181618,rf_probe_less(-1);rf_build_less(-1);agg_count_less(-4)
ssb,q4.1,6.07,4,4,4,4,0,0,4,4,1,4,5,5,4,2,1,1,4,0,2,5,5401054,3937368,agg_count_less(-2)
tpc-h,q19,6.07,1,1,1,1,0,0,1,1,1,1,2,2,4,2,0,0,1,0,1,2,3000608,1174001,agg_count_less(-2)
tpc-ds,q18,5.86,6,6,4,5,2,1,6,5,6,5,7,7,4,1,5,2,4,0,2,6,9604000,1728720,broadcast_more(+1);partitioned_less(-1);shuffle_less(-3);rf_probe_less(-1);rf_build_less(-1);agg_count_less(-3)
tpc-ds,q77,5.78,13,13,6,12,4,0,10,10,6,10,16,16,20,15,11,6,7,0,2,15,31543693988,2626150,broadcast_more(+6);partitioned_less(-4);shuffle_less(-5)
tpc-ds,q11,5.68,7,7,3,7,3,0,7,7,10,4,6,6,8,4,13,2,3,0,2,8,2592364,3321735,broadcast_more(+4);partitioned_less(-3);shuffle_less(-11);rf_probe_less(-6);agg_count_less(-4)
tpc-ds,q48,5.57,4,4,3,4,1,0,4,4,3,2,5,5,4,2,2,0,3,0,1,5,2880404,471686,broadcast_more(+1);partitioned_less(-1);shuffle_less(-2);rf_probe_less(-1);agg_count_less(-2)
tpc-ds,q16,5.55,5,5,4,4,1,1,4,4,2,3,6,6,8,4,3,3,4,0,3,5,1297393,1420222,agg_count_less(-4)
tpc-ds,q46,5.53,6,6,6,6,0,0,6,6,4,6,7,7,4,2,1,1,6,0,2,7,2592364,2286736,agg_count_less(-2)
tpc-ds,q66,5.52,8,8,8,8,0,0,8,8,2,8,10,10,12,5,3,2,8,0,2,9,1297393,1413253,shuffle_less(-1);agg_count_less(-7)
tpc-ds,q38,5.42,6,6,3,6,3,0,6,6,3,6,9,9,10,8,12,3,3,0,1,7,2513323,2626419,broadcast_more(+3);partitioned_less(-3);shuffle_less(-9)
tpc-ds,q68,5.37,6,6,6,4,0,2,6,4,4,4,7,7,4,2,1,5,6,0,2,5,2592364,2286736,rf_build_less(-2);agg_count_less(-2)
tpc-ds,q7,5.35,4,4,3,4,1,0,4,4,2,4,5,5,4,2,3,1,3,0,2,5,2592364,2257560,broadcast_more(+1);partitioned_less(-1);shuffle_less(-2);agg_count_less(-2)
tpc-ds,q10,5.32,7,7,4,7,2,0,7,7,7,5,9,9,4,2,6,1,4,0,2,8,2513323,2626419,broadcast_more(+3);partitioned_less(-2);shuffle_less(-5);rf_probe_less(-2);agg_count_less(-2)
tpc-ds,q97,5.22,3,3,2,2,0,1,2,2,2,2,4,4,8,6,2,4,2,0,1,3,2513323,2750311,
tpc-ds,q34,5.20,4,4,4,4,0,0,4,4,2,4,5,5,4,2,1,1,4,0,2,5,2513323,2507765,agg_count_less(-2)
tpc-ds,q50,5.19,4,4,4,4,0,0,4,6,2,6,5,5,4,2,1,1,4,0,2,5,2099815,2031359,agg_count_less(-2)
tpc-ds,q87,5.11,6,6,3,6,3,0,6,6,3,6,9,9,10,8,12,3,3,0,1,7,2513323,2626419,broadcast_more(+3);partitioned_less(-3);shuffle_less(-9)
tpc-ds,q26,4.96,4,4,3,4,1,0,4,4,2,4,5,5,4,2,3,1,3,0,2,5,1920800,1278082,broadcast_more(+1);partitioned_less(-1);shuffle_less(-2);agg_count_less(-2)
tpc-ds,q79,4.94,4,4,4,4,0,0,4,4,2,4,5,5,4,2,1,1,4,0,2,5,2592364,2394799,agg_count_less(-2)
tpc-h,q8,4.88,7,7,7,5,0,2,7,7,8,5,8,8,4,2,1,5,7,0,2,6,4860984,4374886,rf_probe_less(-3);agg_count_less(-2)
ssb,q4.2,4.84,4,4,4,4,0,0,4,4,1,4,5,5,4,2,1,1,4,0,2,5,5401054,3937368,agg_count_less(-2)
tpc-ds,q69,4.83,8,8,4,8,2,0,6,6,5,5,9,9,4,2,7,1,4,0,2,9,2513323,2626419,broadcast_more(+4);partitioned_less(-2);shuffle_less(-6);agg_count_less(-2)
tpc-ds,q67,4.79,3,3,3,3,0,0,3,3,1,3,4,4,8,2,5,2,3,0,2,4,9952415,19020155,shuffle_less(-3);agg_count_less(-6)
tpc-ds,q93,4.58,2,2,2,2,0,0,2,1,2,0,3,3,4,2,1,1,2,0,2,3,2333127,2880404,rf_probe_less(-2);rf_build_less(-1);agg_count_less(-2)
ssb,q4.3,4.48,4,4,4,4,0,0,4,4,1,4,5,5,4,2,1,1,4,0,2,5,5401054,3937368,agg_count_less(-2)
ssb,q3.2,4.43,3,3,3,3,0,0,3,3,1,3,4,4,4,2,1,1,3,0,2,4,5401054,4374854,agg_count_less(-2)
tpc-ds,q85,4.39,7,7,5,7,2,0,7,10,9,10,8,8,4,2,5,1,5,0,2,8,1920800,360068,broadcast_more(+2);partitioned_less(-2);shuffle_less(-4);agg_count_less(-2)
tpc-ds,q31,4.34,9,9,4,9,2,0,9,9,9,4,6,6,8,4,15,2,4,0,2,10,2513323,2626206,broadcast_more(+5);partitioned_less(-2);shuffle_less(-13);rf_probe_less(-5);agg_count_less(-4)
tpc-ds,q19,4.31,5,5,5,5,0,0,5,5,3,4,6,6,4,2,1,1,5,0,2,6,2513323,2257066,agg_count_less(-2)
ssb,q2.1,4.30,3,3,3,3,0,0,3,3,1,3,4,4,4,2,1,1,3,0,2,4,5401054,4374854,agg_count_less(-2)
ssb,q3.3,4.28,3,3,3,3,0,0,3,3,1,3,4,4,4,2,1,1,3,0,2,4,5401054,4374854,agg_count_less(-2)
tpc-ds,q74,4.21,7,7,3,7,3,0,7,7,10,4,6,6,8,4,13,2,3,0,2,8,2592364,2626419,broadcast_more(+4);partitioned_less(-3);shuffle_less(-11);rf_probe_less(-6);agg_count_less(-4)
ssb,q3.1,4.12,3,3,3,3,0,0,3,3,1,3,4,4,4,2,1,1,3,0,2,4,5401054,4374854,agg_count_less(-2)
tpc-ds,q73,4.10,4,4,4,4,0,0,4,4,2,4,5,5,4,2,1,1,4,0,2,5,2513323,2507765,agg_count_less(-2)
tpc-ds,q32,4.07,4,4,2,3,0,1,4,3,4,3,5,5,8,4,3,2,2,0,1,4,1297393,1434368,broadcast_more(+1);shuffle_less(-1);rf_probe_less(-1);rf_build_less(-1);agg_count_less(-4)
tpc-ds,q95,3.92,7,7,3,3,3,4,7,6,6,3,7,7,8,4,9,9,3,0,3,4,647446,5198549,rf_probe_less(-3);rf_build_less(-1);agg_count_less(-4)
tpc-h,q1,3.88,0,0,0,0,0,0,0,0,0,0,2,1,4,2,1,1,0,0,2,1,1,5941203,agg_count_less(-2)
tpc-h,q10,3.88,3,3,2,1,1,2,3,1,2,1,4,4,4,2,3,5,2,0,2,2,3008795,1350273,rf_probe_less(-1);rf_build_less(-2);agg_count_less(-2)
tpc-ds,q99,3.85,4,4,4,4,0,0,4,4,1,4,5,5,4,2,1,1,4,0,2,5,1297393,1413219,agg_count_less(-2)
ssb,q3.4,3.83,3,3,3,3,0,0,3,3,1,3,4,4,4,2,1,1,3,0,2,4,5401054,4374854,agg_count_less(-2)
tpc-ds,q6,3.71,6,6,6,6,0,0,6,5,6,4,7,7,10,5,3,2,6,0,3,8,2592364,2363777,shuffle_less(-1);rf_probe_less(-2);rf_build_less(-1);agg_count_less(-5)
tpc-ds,q36,3.70,3,3,3,3,0,0,3,3,1,3,4,4,4,2,2,1,3,0,2,4,7539969,2363535,shuffle_less(-1);agg_count_less(-2)
tpc-ds,q40,3.65,4,4,4,4,0,0,3,3,3,0,5,5,4,2,1,1,4,0,2,5,1297393,1284532,rf_probe_less(-3);agg_count_less(-2)
tpc-ds,q15,3.55,3,3,1,3,2,0,3,3,2,2,4,4,4,2,5,1,1,0,2,4,1297393,1427374,broadcast_more(+2);partitioned_less(-2);shuffle_less(-4);agg_count_less(-2)
tpc-ds,q81,3.28,5,5,2,3,3,1,5,3,5,1,5,5,8,4,10,4,2,0,2,5,129660,120823694,broadcast_more(+1);partitioned_less(-2);shuffle_less(-6);rf_probe_less(-4);rf_build_less(-2);agg_count_less(-4)
tpc-h,q7,3.17,5,5,4,4,1,1,5,5,8,2,6,6,4,2,3,3,4,0,2,5,1350000,1992241,rf_probe_less(-6);agg_count_less(-2)
tpc-ds,q39.s1,3.13,4,4,3,4,1,0,4,5,2,3,4,4,4,1,5,0,3,0,2,6,10570500,8562105,broadcast_more(+1);partitioned_less(-1);shuffle_less(-5);agg_count_less(-3)
tpc-ds,q39.s2,3.13,4,4,3,4,1,0,4,5,2,3,4,4,4,1,5,0,3,0,2,6,10570500,8562105,broadcast_more(+1);partitioned_less(-1);shuffle_less(-5);agg_count_less(-3)
tpc-h,q5,3.11,5,5,5,5,0,0,5,6,8,4,6,6,4,2,1,1,5,0,2,6,5401094,4860984,rf_probe_less(-4);agg_count_less(-2)
ssb,q1.3,3.08,1,1,1,1,0,0,1,1,1,1,2,2,4,2,0,0,1,0,1,2,39390,944791,agg_count_less(-2)
ssb,q2.3,2.97,3,3,3,3,0,0,3,3,1,3,4,4,4,2,1,1,3,0,2,4,5401054,4374854,agg_count_less(-2)
tpc-ds,q43,2.92,2,2,2,2,0,0,2,2,1,2,3,3,4,2,1,1,2,0,2,3,2513323,2626150,agg_count_less(-2)
tpc-h,q3,2.92,2,2,1,1,1,1,2,2,2,1,3,3,2,2,2,3,1,0,2,2,1639941,2911243,rf_probe_less(-1)
tpc-ds,q59,2.87,7,6,6,6,1,0,7,6,8,5,8,6,8,2,4,1,6,0,2,7,2513323,2750311,partitioned_less(-1);shuffle_less(-3);rf_probe_less(-3);rf_build_less(-1);agg_count_less(-6)
tpc-ds,q3,2.85,2,2,2,2,0,0,2,2,1,2,3,3,4,2,1,1,2,0,2,3,2513323,2475280,agg_count_less(-2)
ssb,q2.2,2.83,3,3,3,3,0,0,3,3,1,3,4,4,4,2,1,1,3,0,2,4,5401054,4374854,agg_count_less(-2)
tpc-ds,q96,2.81,3,3,3,3,0,0,3,3,1,3,4,4,4,2,0,0,3,0,3,4,2592364,2508180,agg_count_less(-2)
tpc-ds,q42,2.75,2,2,2,2,0,0,2,2,1,2,3,3,4,2,1,1,2,0,2,3,2513323,2475280,agg_count_less(-2)
ssb,q1.2,2.67,1,1,1,1,0,0,1,1,1,1,2,2,4,2,0,0,1,0,1,2,39965,964474,agg_count_less(-2)
tpc-ds,q94,2.67,5,5,4,4,1,1,4,4,2,3,6,6,8,4,3,3,4,0,3,5,647446,718843,agg_count_less(-4)
tpc-ds,q2,2.49,4,4,3,3,1,1,4,3,8,1,5,5,4,2,5,3,3,0,2,4,1944839,2160932,shuffle_less(-2);rf_probe_less(-7);rf_build_less(-1);agg_count_less(-2)
ssb,q1.1,2.41,1,1,1,1,0,0,1,1,1,1,2,2,4,2,0,0,1,0,1,2,123500,1047584,agg_count_less(-2)
tpc-ds,q52,2.39,2,2,2,2,0,0,2,2,1,2,3,3,4,2,1,1,2,0,2,3,2513323,2475280,agg_count_less(-2)
tpc-ds,q55,2.36,2,2,2,2,0,0,2,2,1,2,3,3,4,2,1,1,2,0,2,3,2513323,2475280,agg_count_less(-2)
tpc-ds,q90,2.36,7,7,6,6,0,0,6,6,2,6,8,8,8,4,0,0,7,0,4,8,647446,718844,agg_count_less(-4)
tpc-ds,q45,2.21,6,7,4,4,1,1,4,3,3,3,6,8,10,2,6,2,5,0,3,8,647446,647125,shuffle_less(-4);rf_build_less(-1);agg_count_less(-8)
tpc-ds,q82,2.19,3,3,1,3,1,0,3,3,4,3,4,4,2,2,4,1,1,0,2,4,2936250,4294381,broadcast_more(+2);partitioned_less(-1);shuffle_less(-3);rf_probe_less(-1)
tpc-h,q11,2.13,5,5,4,4,0,0,4,4,4,2,6,6,8,4,1,1,5,0,3,6,720000,720000,rf_probe_less(-2);agg_count_less(-4)
tpc-h,q4,2.10,1,1,0,0,1,1,1,0,1,0,2,2,4,2,3,3,0,0,2,1,3000608,2700547,rf_probe_less(-1);rf_build_less(-1);agg_count_less(-2)
tpc-ds,q92,2.04,4,4,2,3,0,1,4,3,4,3,5,5,8,4,3,2,2,0,3,4,647446,719195,broadcast_more(+1);shuffle_less(-1);rf_probe_less(-1);rf_build_less(-1);agg_count_less(-4)
tpc-ds,q37,1.86,3,3,1,3,1,0,3,3,4,3,4,4,2,2,4,1,1,0,2,4,2936250,4294381,broadcast_more(+2);partitioned_less(-1);shuffle_less(-3);rf_probe_less(-1)
tpc-h,q12,1.80,1,1,1,1,0,0,1,1,1,1,2,2,4,2,1,1,1,0,2,2,1350000,1350000,agg_count_less(-2)
tpc-ds,q83,1.78,14,14,6,14,6,0,14,14,16,11,15,15,12,6,15,3,6,0,2,15,258763,249752,broadcast_more(+8);partitioned_less(-6);shuffle_less(-12);rf_probe_less(-5);agg_count_less(-6)
tpc-ds,q62,1.65,4,4,4,4,0,0,4,4,1,4,5,5,4,2,1,1,4,0,2,5,647446,718668,agg_count_less(-2)
tpc-h,q20,1.60,4,4,1,3,2,1,4,3,6,3,5,5,4,2,6,2,1,0,2,4,720000,1484889,broadcast_more(+2);partitioned_less(-1);shuffle_less(-4);rf_probe_less(-3);rf_build_less(-1);agg_count_less(-2)
tpc-h,q13,1.49,1,1,0,0,1,1,1,1,1,0,2,2,6,4,3,4,0,0,2,1,1125000,1500000,rf_probe_less(-1);agg_count_less(-2)
tpc-ds,q22,1.40,2,2,2,2,0,0,2,2,1,2,3,3,4,2,1,1,2,0,2,3,52852500,42532172,agg_count_less(-2)
tpc-h,q2,1.40,4,4,4,4,0,0,4,4,3,4,5,5,0,0,1,1,4,0,2,5,648000,648000,
tpc-ds,q21,1.21,3,3,3,3,0,0,3,3,1,3,4,4,4,2,1,1,3,0,2,4,10570500,8562105,agg_count_less(-2)
tpc-ds,q30,1.17,5,5,4,4,1,0,6,4,5,2,5,5,8,4,6,2,4,0,2,6,81000,27299683,partitioned_less(-1);shuffle_less(-4);rf_probe_less(-3);rf_build_less(-2);agg_count_less(-4)
tpc-ds,q86,1.10,2,2,2,2,0,0,2,2,1,2,3,3,4,2,2,1,2,0,2,3,1942337,1736281,shuffle_less(-1);agg_count_less(-2)
tpc-h,q16,0.96,2,2,1,2,1,0,1,1,1,1,3,3,4,1,3,0,1,0,2,3,720000,720000,broadcast_more(+1);partitioned_less(-1);shuffle_less(-3);agg_count_less(-3)
tpc-ds,q91,0.84,6,6,6,6,0,0,6,6,5,4,7,7,4,2,1,1,6,0,2,7,1920800,124614,rf_probe_less(-1);agg_count_less(-2)
tpc-ds,q1,0.51,4,4,3,3,1,1,4,3,5,1,4,4,8,4,6,4,3,0,2,4,232886,277502,shuffle_less(-2);rf_probe_less(-4);rf_build_less(-1);agg_count_less(-4)
tpc-ds,q84,0.51,5,5,3,5,1,0,5,5,8,5,6,6,0,0,3,0,3,0,2,6,1728720,1728720,broadcast_more(+2);partitioned_less(-1);shuffle_less(-3);rf_probe_less(-3)
tpc-h,q22,0.46,2,2,0,0,1,1,1,0,1,0,3,3,8,4,3,3,1,0,3,3,1500000,1500000,rf_probe_less(-1);rf_build_less(-1);agg_count_less(-4)
tpc-h,q15,0.45,2,2,1,2,0,0,2,2,3,1,3,3,12,6,3,2,1,0,3,4,71367,1609580,broadcast_more(+1);shuffle_less(-1);rf_probe_less(-2);agg_count_less(-6)
tpc-h,q6,0.45,0,0,0,0,0,0,0,0,0,0,2,1,4,2,0,0,0,0,1,1,1,904713,agg_count_less(-2)
tpc-h,q14,0.33,1,1,0,1,1,0,1,1,1,1,2,2,4,2,2,0,0,0,1,2,180000,1068308,broadcast_more(+1);partitioned_less(-1);shuffle_less(-2);agg_count_less(-2)
tpc-ds,q41,0.14,1,1,1,1,0,0,2,0,1,0,2,2,6,3,2,1,1,0,2,2,4500,11602,shuffle_less(-1);rf_probe_less(-1);rf_build_less(-2);agg_count_less(-3)
