suite,case,step,status,elapsed_sec,rows,log_path
ssb,q1.1,1,PASS,2.41,38,/Users/harbor/.codex/worktrees/4f87/NovaRocks/logs/baseline/20260622-231416-tpc-baseline/analyze-ssb.log
ssb,q1.2,1,PASS,2.67,38,/Users/harbor/.codex/worktrees/4f87/NovaRocks/logs/baseline/20260622-231416-tpc-baseline/analyze-ssb.log
ssb,q1.3,1,PASS,3.08,38,/Users/harbor/.codex/worktrees/4f87/NovaRocks/logs/baseline/20260622-231416-tpc-baseline/analyze-ssb.log
ssb,q2.1,1,PASS,4.30,78,/Users/harbor/.codex/worktrees/4f87/NovaRocks/logs/baseline/20260622-231416-tpc-baseline/analyze-ssb.log
ssb,q2.2,1,PASS,2.83,78,/Users/harbor/.codex/worktrees/4f87/NovaRocks/logs/baseline/20260622-231416-tpc-baseline/analyze-ssb.log
ssb,q2.3,1,PASS,2.97,78,/Users/harbor/.codex/worktrees/4f87/NovaRocks/logs/baseline/20260622-231416-tpc-baseline/analyze-ssb.log
ssb,q3.1,1,PASS,4.12,78,/Users/harbor/.codex/worktrees/4f87/NovaRocks/logs/baseline/20260622-231416-tpc-baseline/analyze-ssb.log
ssb,q3.2,1,PASS,4.43,78,/Users/harbor/.codex/worktrees/4f87/NovaRocks/logs/baseline/20260622-231416-tpc-baseline/analyze-ssb.log
ssb,q3.3,1,PASS,4.28,78,/Users/harbor/.codex/worktrees/4f87/NovaRocks/logs/baseline/20260622-231416-tpc-baseline/analyze-ssb.log
ssb,q3.4,1,PASS,3.83,78,/Users/harbor/.codex/worktrees/4f87/NovaRocks/logs/baseline/20260622-231416-tpc-baseline/analyze-ssb.log
ssb,q4.1,1,PASS,6.07,94,/Users/harbor/.codex/worktrees/4f87/NovaRocks/logs/baseline/20260622-231416-tpc-baseline/analyze-ssb.log
ssb,q4.2,1,PASS,4.84,94,/Users/harbor/.codex/worktrees/4f87/NovaRocks/logs/baseline/20260622-231416-tpc-baseline/analyze-ssb.log
ssb,q4.3,1,PASS,4.48,94,/Users/harbor/.codex/worktrees/4f87/NovaRocks/logs/baseline/20260622-231416-tpc-baseline/analyze-ssb.log
tpc-ds,q1,1,PASS,0.51,184,/Users/harbor/.codex/worktrees/4f87/NovaRocks/logs/baseline/20260622-231416-tpc-baseline/analyze-tpc-ds.log
tpc-ds,q10,1,PASS,5.32,157,/Users/harbor/.codex/worktrees/4f87/NovaRocks/logs/baseline/20260622-231416-tpc-baseline/analyze-tpc-ds.log
tpc-ds,q11,1,PASS,5.68,246,/Users/harbor/.codex/worktrees/4f87/NovaRocks/logs/baseline/20260622-231416-tpc-baseline/analyze-tpc-ds.log
tpc-ds,q12,1,PASS,6.20,68,/Users/harbor/.codex/worktrees/4f87/NovaRocks/logs/baseline/20260622-231416-tpc-baseline/analyze-tpc-ds.log
tpc-ds,q13,1,PASS,7.16,110,/Users/harbor/.codex/worktrees/4f87/NovaRocks/logs/baseline/20260622-231416-tpc-baseline/analyze-tpc-ds.log
tpc-ds,q14,1,PASS,21.19,558,/Users/harbor/.codex/worktrees/4f87/NovaRocks/logs/baseline/20260622-231416-tpc-baseline/analyze-tpc-ds.log
tpc-ds,q14,2,PASS,18.66,497,/Users/harbor/.codex/worktrees/4f87/NovaRocks/logs/baseline/20260622-231416-tpc-baseline/analyze-tpc-ds.log
tpc-ds,q15,1,PASS,3.55,78,/Users/harbor/.codex/worktrees/4f87/NovaRocks/logs/baseline/20260622-231416-tpc-baseline/analyze-tpc-ds.log
tpc-ds,q16,1,PASS,5.55,120,/Users/harbor/.codex/worktrees/4f87/NovaRocks/logs/baseline/20260622-231416-tpc-baseline/analyze-tpc-ds.log
tpc-ds,q17,1,PASS,10.20,145,/Users/harbor/.codex/worktrees/4f87/NovaRocks/logs/baseline/20260622-231416-tpc-baseline/analyze-tpc-ds.log
tpc-ds,q18,1,PASS,5.86,125,/Users/harbor/.codex/worktrees/4f87/NovaRocks/logs/baseline/20260622-231416-tpc-baseline/analyze-tpc-ds.log
tpc-ds,q19,1,PASS,4.31,112,/Users/harbor/.codex/worktrees/4f87/NovaRocks/logs/baseline/20260622-231416-tpc-baseline/analyze-tpc-ds.log
tpc-ds,q2,1,PASS,2.49,122,/Users/harbor/.codex/worktrees/4f87/NovaRocks/logs/baseline/20260622-231416-tpc-baseline/analyze-tpc-ds.log
tpc-ds,q20,1,PASS,14.51,68,/Users/harbor/.codex/worktrees/4f87/NovaRocks/logs/baseline/20260622-231416-tpc-baseline/analyze-tpc-ds.log
tpc-ds,q21,1,PASS,1.21,83,/Users/harbor/.codex/worktrees/4f87/NovaRocks/logs/baseline/20260622-231416-tpc-baseline/analyze-tpc-ds.log
tpc-ds,q22,1,PASS,1.40,64,/Users/harbor/.codex/worktrees/4f87/NovaRocks/logs/baseline/20260622-231416-tpc-baseline/analyze-tpc-ds.log
tpc-ds,q23,1,PASS,15.34,308,/Users/harbor/.codex/worktrees/4f87/NovaRocks/logs/baseline/20260622-231416-tpc-baseline/analyze-tpc-ds.log
tpc-ds,q23,2,PASS,16.80,371,/Users/harbor/.codex/worktrees/4f87/NovaRocks/logs/baseline/20260622-231416-tpc-baseline/analyze-tpc-ds.log
tpc-ds,q24,1,PASS,5.11,150,/Users/harbor/.codex/worktrees/4f87/NovaRocks/logs/baseline/20260622-231416-tpc-baseline/analyze-tpc-ds.log
tpc-ds,q24,2,PASS,5.54,150,/Users/harbor/.codex/worktrees/4f87/NovaRocks/logs/baseline/20260622-231416-tpc-baseline/analyze-tpc-ds.log
tpc-ds,q25,1,PASS,8.68,153,/Users/harbor/.codex/worktrees/4f87/NovaRocks/logs/baseline/20260622-231416-tpc-baseline/analyze-tpc-ds.log
tpc-ds,q26,1,PASS,4.96,94,/Users/harbor/.codex/worktrees/4f87/NovaRocks/logs/baseline/20260622-231416-tpc-baseline/analyze-tpc-ds.log
tpc-ds,q27,1,PASS,7.52,96,/Users/harbor/.codex/worktrees/4f87/NovaRocks/logs/baseline/20260622-231416-tpc-baseline/analyze-tpc-ds.log
tpc-ds,q28,1,PASS,19.67,184,/Users/harbor/.codex/worktrees/4f87/NovaRocks/logs/baseline/20260622-231416-tpc-baseline/analyze-tpc-ds.log
tpc-ds,q29,1,PASS,10.22,153,/Users/harbor/.codex/worktrees/4f87/NovaRocks/logs/baseline/20260622-231416-tpc-baseline/analyze-tpc-ds.log
tpc-ds,q3,1,PASS,2.85,62,/Users/harbor/.codex/worktrees/4f87/NovaRocks/logs/baseline/20260622-231416-tpc-baseline/analyze-tpc-ds.log
tpc-ds,q30,1,PASS,1.17,191,/Users/harbor/.codex/worktrees/4f87/NovaRocks/logs/baseline/20260622-231416-tpc-baseline/analyze-tpc-ds.log
tpc-ds,q31,1,PASS,4.34,413,/Users/harbor/.codex/worktrees/4f87/NovaRocks/logs/baseline/20260622-231416-tpc-baseline/analyze-tpc-ds.log
tpc-ds,q32,1,PASS,4.07,100,/Users/harbor/.codex/worktrees/4f87/NovaRocks/logs/baseline/20260622-231416-tpc-baseline/analyze-tpc-ds.log
tpc-ds,q33,1,PASS,7.61,288,/Users/harbor/.codex/worktrees/4f87/NovaRocks/logs/baseline/20260622-231416-tpc-baseline/analyze-tpc-ds.log
tpc-ds,q34,1,PASS,5.20,101,/Users/harbor/.codex/worktrees/4f87/NovaRocks/logs/baseline/20260622-231416-tpc-baseline/analyze-tpc-ds.log
tpc-ds,q35,1,PASS,7.24,164,/Users/harbor/.codex/worktrees/4f87/NovaRocks/logs/baseline/20260622-231416-tpc-baseline/analyze-tpc-ds.log
tpc-ds,q36,1,PASS,3.70,85,/Users/harbor/.codex/worktrees/4f87/NovaRocks/logs/baseline/20260622-231416-tpc-baseline/analyze-tpc-ds.log
tpc-ds,q37,1,PASS,1.86,78,/Users/harbor/.codex/worktrees/4f87/NovaRocks/logs/baseline/20260622-231416-tpc-baseline/analyze-tpc-ds.log
tpc-ds,q38,1,PASS,5.42,163,/Users/harbor/.codex/worktrees/4f87/NovaRocks/logs/baseline/20260622-231416-tpc-baseline/analyze-tpc-ds.log
tpc-ds,q39,1,PASS,1.53,111,/Users/harbor/.codex/worktrees/4f87/NovaRocks/logs/baseline/20260622-231416-tpc-baseline/analyze-tpc-ds.log
tpc-ds,q39,2,PASS,1.60,111,/Users/harbor/.codex/worktrees/4f87/NovaRocks/logs/baseline/20260622-231416-tpc-baseline/analyze-tpc-ds.log
tpc-ds,q4,1,PASS,9.15,338,/Users/harbor/.codex/worktrees/4f87/NovaRocks/logs/baseline/20260622-231416-tpc-baseline/analyze-tpc-ds.log
tpc-ds,q40,1,PASS,3.65,87,/Users/harbor/.codex/worktrees/4f87/NovaRocks/logs/baseline/20260622-231416-tpc-baseline/analyze-tpc-ds.log
tpc-ds,q41,1,PASS,0.14,47,/Users/harbor/.codex/worktrees/4f87/NovaRocks/logs/baseline/20260622-231416-tpc-baseline/analyze-tpc-ds.log
tpc-ds,q42,1,PASS,2.75,62,/Users/harbor/.codex/worktrees/4f87/NovaRocks/logs/baseline/20260622-231416-tpc-baseline/analyze-tpc-ds.log
tpc-ds,q43,1,PASS,2.92,62,/Users/harbor/.codex/worktrees/4f87/NovaRocks/logs/baseline/20260622-231416-tpc-baseline/analyze-tpc-ds.log
tpc-ds,q44,1,PASS,8.32,311,/Users/harbor/.codex/worktrees/4f87/NovaRocks/logs/baseline/20260622-231416-tpc-baseline/analyze-tpc-ds.log
tpc-ds,q45,1,PASS,2.21,151,/Users/harbor/.codex/worktrees/4f87/NovaRocks/logs/baseline/20260622-231416-tpc-baseline/analyze-tpc-ds.log
tpc-ds,q46,1,PASS,5.53,130,/Users/harbor/.codex/worktrees/4f87/NovaRocks/logs/baseline/20260622-231416-tpc-baseline/analyze-tpc-ds.log
tpc-ds,q47,1,PASS,12.39,210,/Users/harbor/.codex/worktrees/4f87/NovaRocks/logs/baseline/20260622-231416-tpc-baseline/analyze-tpc-ds.log
tpc-ds,q48,1,PASS,5.57,88,/Users/harbor/.codex/worktrees/4f87/NovaRocks/logs/baseline/20260622-231416-tpc-baseline/analyze-tpc-ds.log
tpc-ds,q49,1,PASS,8.10,249,/Users/harbor/.codex/worktrees/4f87/NovaRocks/logs/baseline/20260622-231416-tpc-baseline/analyze-tpc-ds.log
tpc-ds,q5,1,PASS,6.89,423,/Users/harbor/.codex/worktrees/4f87/NovaRocks/logs/baseline/20260622-231416-tpc-baseline/analyze-tpc-ds.log
tpc-ds,q50,1,PASS,5.19,102,/Users/harbor/.codex/worktrees/4f87/NovaRocks/logs/baseline/20260622-231416-tpc-baseline/analyze-tpc-ds.log
tpc-ds,q51,1,PASS,16.17,127,/Users/harbor/.codex/worktrees/4f87/NovaRocks/logs/baseline/20260622-231416-tpc-baseline/analyze-tpc-ds.log
tpc-ds,q52,1,PASS,2.39,62,/Users/harbor/.codex/worktrees/4f87/NovaRocks/logs/baseline/20260622-231416-tpc-baseline/analyze-tpc-ds.log
tpc-ds,q53,1,PASS,12.25,87,/Users/harbor/.codex/worktrees/4f87/NovaRocks/logs/baseline/20260622-231416-tpc-baseline/analyze-tpc-ds.log
tpc-ds,q54,1,PASS,7.90,390,/Users/harbor/.codex/worktrees/4f87/NovaRocks/logs/baseline/20260622-231416-tpc-baseline/analyze-tpc-ds.log
tpc-ds,q55,1,PASS,2.36,62,/Users/harbor/.codex/worktrees/4f87/NovaRocks/logs/baseline/20260622-231416-tpc-baseline/analyze-tpc-ds.log
tpc-ds,q56,1,PASS,6.53,288,/Users/harbor/.codex/worktrees/4f87/NovaRocks/logs/baseline/20260622-231416-tpc-baseline/analyze-tpc-ds.log
tpc-ds,q57,1,PASS,12.77,208,/Users/harbor/.codex/worktrees/4f87/NovaRocks/logs/baseline/20260622-231416-tpc-baseline/analyze-tpc-ds.log
tpc-ds,q58,1,PASS,6.45,369,/Users/harbor/.codex/worktrees/4f87/NovaRocks/logs/baseline/20260622-231416-tpc-baseline/analyze-tpc-ds.log
tpc-ds,q59,1,PASS,2.87,272,/Users/harbor/.codex/worktrees/4f87/NovaRocks/logs/baseline/20260622-231416-tpc-baseline/analyze-tpc-ds.log
tpc-ds,q6,1,PASS,3.71,152,/Users/harbor/.codex/worktrees/4f87/NovaRocks/logs/baseline/20260622-231416-tpc-baseline/analyze-tpc-ds.log
tpc-ds,q60,1,PASS,6.67,288,/Users/harbor/.codex/worktrees/4f87/NovaRocks/logs/baseline/20260622-231416-tpc-baseline/analyze-tpc-ds.log
tpc-ds,q61,1,PASS,7.92,226,/Users/harbor/.codex/worktrees/4f87/NovaRocks/logs/baseline/20260622-231416-tpc-baseline/analyze-tpc-ds.log
tpc-ds,q62,1,PASS,1.65,96,/Users/harbor/.codex/worktrees/4f87/NovaRocks/logs/baseline/20260622-231416-tpc-baseline/analyze-tpc-ds.log
tpc-ds,q63,1,PASS,12.63,87,/Users/harbor/.codex/worktrees/4f87/NovaRocks/logs/baseline/20260622-231416-tpc-baseline/analyze-tpc-ds.log
tpc-ds,q64,1,PASS,31.64,379,/Users/harbor/.codex/worktrees/4f87/NovaRocks/logs/baseline/20260622-231416-tpc-baseline/analyze-tpc-ds.log
tpc-ds,q65,1,PASS,7.55,135,/Users/harbor/.codex/worktrees/4f87/NovaRocks/logs/baseline/20260622-231416-tpc-baseline/analyze-tpc-ds.log
tpc-ds,q66,1,PASS,5.52,183,/Users/harbor/.codex/worktrees/4f87/NovaRocks/logs/baseline/20260622-231416-tpc-baseline/analyze-tpc-ds.log
tpc-ds,q67,1,PASS,4.79,95,/Users/harbor/.codex/worktrees/4f87/NovaRocks/logs/baseline/20260622-231416-tpc-baseline/analyze-tpc-ds.log
tpc-ds,q68,1,PASS,5.37,138,/Users/harbor/.codex/worktrees/4f87/NovaRocks/logs/baseline/20260622-231416-tpc-baseline/analyze-tpc-ds.log
tpc-ds,q69,1,PASS,4.83,158,/Users/harbor/.codex/worktrees/4f87/NovaRocks/logs/baseline/20260622-231416-tpc-baseline/analyze-tpc-ds.log
tpc-ds,q7,1,PASS,5.35,94,/Users/harbor/.codex/worktrees/4f87/NovaRocks/logs/baseline/20260622-231416-tpc-baseline/analyze-tpc-ds.log
tpc-ds,q70,1,PASS,13.80,134,/Users/harbor/.codex/worktrees/4f87/NovaRocks/logs/baseline/20260622-231416-tpc-baseline/analyze-tpc-ds.log
tpc-ds,q71,1,PASS,6.35,194,/Users/harbor/.codex/worktrees/4f87/NovaRocks/logs/baseline/20260622-231416-tpc-baseline/analyze-tpc-ds.log
tpc-ds,q72,1,PASS,6.79,191,/Users/harbor/.codex/worktrees/4f87/NovaRocks/logs/baseline/20260622-231416-tpc-baseline/analyze-tpc-ds.log
tpc-ds,q73,1,PASS,4.10,101,/Users/harbor/.codex/worktrees/4f87/NovaRocks/logs/baseline/20260622-231416-tpc-baseline/analyze-tpc-ds.log
tpc-ds,q74,1,PASS,4.21,246,/Users/harbor/.codex/worktrees/4f87/NovaRocks/logs/baseline/20260622-231416-tpc-baseline/analyze-tpc-ds.log
tpc-ds,q75,1,PASS,13.39,263,/Users/harbor/.codex/worktrees/4f87/NovaRocks/logs/baseline/20260622-231416-tpc-baseline/analyze-tpc-ds.log
tpc-ds,q76,1,PASS,6.93,146,/Users/harbor/.codex/worktrees/4f87/NovaRocks/logs/baseline/20260622-231416-tpc-baseline/analyze-tpc-ds.log
tpc-ds,q77,1,PASS,5.78,334,/Users/harbor/.codex/worktrees/4f87/NovaRocks/logs/baseline/20260622-231416-tpc-baseline/analyze-tpc-ds.log
tpc-ds,q78,1,PASS,11.66,178,/Users/harbor/.codex/worktrees/4f87/NovaRocks/logs/baseline/20260622-231416-tpc-baseline/analyze-tpc-ds.log
tpc-ds,q79,1,PASS,4.94,99,/Users/harbor/.codex/worktrees/4f87/NovaRocks/logs/baseline/20260622-231416-tpc-baseline/analyze-tpc-ds.log
tpc-ds,q8,1,PASS,6.10,137,/Users/harbor/.codex/worktrees/4f87/NovaRocks/logs/baseline/20260622-231416-tpc-baseline/analyze-tpc-ds.log
tpc-ds,q80,1,PASS,10.05,302,/Users/harbor/.codex/worktrees/4f87/NovaRocks/logs/baseline/20260622-231416-tpc-baseline/analyze-tpc-ds.log
tpc-ds,q81,1,PASS,3.28,194,/Users/harbor/.codex/worktrees/4f87/NovaRocks/logs/baseline/20260622-231416-tpc-baseline/analyze-tpc-ds.log
tpc-ds,q82,1,PASS,2.19,78,/Users/harbor/.codex/worktrees/4f87/NovaRocks/logs/baseline/20260622-231416-tpc-baseline/analyze-tpc-ds.log
tpc-ds,q83,1,PASS,1.78,366,/Users/harbor/.codex/worktrees/4f87/NovaRocks/logs/baseline/20260622-231416-tpc-baseline/analyze-tpc-ds.log
tpc-ds,q84,1,PASS,0.51,102,/Users/harbor/.codex/worktrees/4f87/NovaRocks/logs/baseline/20260622-231416-tpc-baseline/analyze-tpc-ds.log
tpc-ds,q85,1,PASS,4.39,159,/Users/harbor/.codex/worktrees/4f87/NovaRocks/logs/baseline/20260622-231416-tpc-baseline/analyze-tpc-ds.log
tpc-ds,q86,1,PASS,1.10,69,/Users/harbor/.codex/worktrees/4f87/NovaRocks/logs/baseline/20260622-231416-tpc-baseline/analyze-tpc-ds.log
tpc-ds,q87,1,PASS,5.11,163,/Users/harbor/.codex/worktrees/4f87/NovaRocks/logs/baseline/20260622-231416-tpc-baseline/analyze-tpc-ds.log
tpc-ds,q88,1,PASS,22.14,548,/Users/harbor/.codex/worktrees/4f87/NovaRocks/logs/baseline/20260622-231416-tpc-baseline/analyze-tpc-ds.log
tpc-ds,q89,1,PASS,12.53,88,/Users/harbor/.codex/worktrees/4f87/NovaRocks/logs/baseline/20260622-231416-tpc-baseline/analyze-tpc-ds.log
tpc-ds,q9,1,PASS,20.82,302,/Users/harbor/.codex/worktrees/4f87/NovaRocks/logs/baseline/20260622-231416-tpc-baseline/analyze-tpc-ds.log
tpc-ds,q90,1,PASS,2.36,141,/Users/harbor/.codex/worktrees/4f87/NovaRocks/logs/baseline/20260622-231416-tpc-baseline/analyze-tpc-ds.log
tpc-ds,q91,1,PASS,0.84,128,/Users/harbor/.codex/worktrees/4f87/NovaRocks/logs/baseline/20260622-231416-tpc-baseline/analyze-tpc-ds.log
tpc-ds,q92,1,PASS,2.04,102,/Users/harbor/.codex/worktrees/4f87/NovaRocks/logs/baseline/20260622-231416-tpc-baseline/analyze-tpc-ds.log
tpc-ds,q93,1,PASS,4.58,59,/Users/harbor/.codex/worktrees/4f87/NovaRocks/logs/baseline/20260622-231416-tpc-baseline/analyze-tpc-ds.log
tpc-ds,q94,1,PASS,2.67,120,/Users/harbor/.codex/worktrees/4f87/NovaRocks/logs/baseline/20260622-231416-tpc-baseline/analyze-tpc-ds.log
tpc-ds,q95,1,PASS,3.92,183,/Users/harbor/.codex/worktrees/4f87/NovaRocks/logs/baseline/20260622-231416-tpc-baseline/analyze-tpc-ds.log
tpc-ds,q96,1,PASS,2.81,71,/Users/harbor/.codex/worktrees/4f87/NovaRocks/logs/baseline/20260622-231416-tpc-baseline/analyze-tpc-ds.log
tpc-ds,q97,1,PASS,5.22,98,/Users/harbor/.codex/worktrees/4f87/NovaRocks/logs/baseline/20260622-231416-tpc-baseline/analyze-tpc-ds.log
tpc-ds,q98,1,PASS,14.05,68,/Users/harbor/.codex/worktrees/4f87/NovaRocks/logs/baseline/20260622-231416-tpc-baseline/analyze-tpc-ds.log
tpc-ds,q99,1,PASS,3.85,96,/Users/harbor/.codex/worktrees/4f87/NovaRocks/logs/baseline/20260622-231416-tpc-baseline/analyze-tpc-ds.log
tpc-h,q1,1,PASS,3.88,30,/Users/harbor/.codex/worktrees/4f87/NovaRocks/logs/baseline/20260622-231416-tpc-baseline/analyze-tpc-h.log
tpc-h,q10,1,PASS,3.88,86,/Users/harbor/.codex/worktrees/4f87/NovaRocks/logs/baseline/20260622-231416-tpc-baseline/analyze-tpc-h.log
tpc-h,q11,1,PASS,2.13,113,/Users/harbor/.codex/worktrees/4f87/NovaRocks/logs/baseline/20260622-231416-tpc-baseline/analyze-tpc-h.log
tpc-h,q12,1,PASS,1.80,47,/Users/harbor/.codex/worktrees/4f87/NovaRocks/logs/baseline/20260622-231416-tpc-baseline/analyze-tpc-h.log
tpc-h,q13,1,PASS,1.49,63,/Users/harbor/.codex/worktrees/4f87/NovaRocks/logs/baseline/20260622-231416-tpc-baseline/analyze-tpc-h.log
tpc-h,q14,1,PASS,0.33,39,/Users/harbor/.codex/worktrees/4f87/NovaRocks/logs/baseline/20260622-231416-tpc-baseline/analyze-tpc-h.log
tpc-h,q15,1,PASS,0.45,219,/Users/harbor/.codex/worktrees/4f87/NovaRocks/logs/baseline/20260622-231416-tpc-baseline/analyze-tpc-h.log
tpc-h,q16,1,PASS,0.96,51,/Users/harbor/.codex/worktrees/4f87/NovaRocks/logs/baseline/20260622-231416-tpc-baseline/analyze-tpc-h.log
tpc-h,q17,1,PASS,8.55,47,/Users/harbor/.codex/worktrees/4f87/NovaRocks/logs/baseline/20260622-231416-tpc-baseline/analyze-tpc-h.log
tpc-h,q18,1,PASS,91.26,101,/Users/harbor/.codex/worktrees/4f87/NovaRocks/logs/baseline/20260622-231416-tpc-baseline/analyze-tpc-h.log
tpc-h,q19,1,PASS,6.07,40,/Users/harbor/.codex/worktrees/4f87/NovaRocks/logs/baseline/20260622-231416-tpc-baseline/analyze-tpc-h.log
tpc-h,q2,1,PASS,1.40,91,/Users/harbor/.codex/worktrees/4f87/NovaRocks/logs/baseline/20260622-231416-tpc-baseline/analyze-tpc-h.log
tpc-h,q20,1,PASS,1.60,100,/Users/harbor/.codex/worktrees/4f87/NovaRocks/logs/baseline/20260622-231416-tpc-baseline/analyze-tpc-h.log
tpc-h,q21,1,PASS,10.80,121,/Users/harbor/.codex/worktrees/4f87/NovaRocks/logs/baseline/20260622-231416-tpc-baseline/analyze-tpc-h.log
tpc-h,q22,1,PASS,0.46,78,/Users/harbor/.codex/worktrees/4f87/NovaRocks/logs/baseline/20260622-231416-tpc-baseline/analyze-tpc-h.log
tpc-h,q3,1,PASS,2.92,68,/Users/harbor/.codex/worktrees/4f87/NovaRocks/logs/baseline/20260622-231416-tpc-baseline/analyze-tpc-h.log
tpc-h,q4,1,PASS,2.10,50,/Users/harbor/.codex/worktrees/4f87/NovaRocks/logs/baseline/20260622-231416-tpc-baseline/analyze-tpc-h.log
tpc-h,q5,1,PASS,3.11,112,/Users/harbor/.codex/worktrees/4f87/NovaRocks/logs/baseline/20260622-231416-tpc-baseline/analyze-tpc-h.log
tpc-h,q6,1,PASS,0.45,21,/Users/harbor/.codex/worktrees/4f87/NovaRocks/logs/baseline/20260622-231416-tpc-baseline/analyze-tpc-h.log
tpc-h,q7,1,PASS,3.17,118,/Users/harbor/.codex/worktrees/4f87/NovaRocks/logs/baseline/20260622-231416-tpc-baseline/analyze-tpc-h.log
tpc-h,q8,1,PASS,4.88,159,/Users/harbor/.codex/worktrees/4f87/NovaRocks/logs/baseline/20260622-231416-tpc-baseline/analyze-tpc-h.log
tpc-h,q9,1,PASS,24.40,114,/Users/harbor/.codex/worktrees/4f87/NovaRocks/logs/baseline/20260622-231416-tpc-baseline/analyze-tpc-h.log
